Datetime,Open,High,Low,Close,Volume
2026-06-24 00:00:00+00:00,1664.9100341796875,1677.4000244140625,1656.0,1664.5999755859375,1208251392
2026-06-24 04:00:00+00:00,1664.719970703125,1676.8699951171875,1656.0899658203125,1670.6500244140625,47712256
2026-06-24 08:00:00+00:00,1671.02001953125,1687.02001953125,1653.5699462890625,1676.8800048828125,23608320
2026-06-24 12:00:00+00:00,1677.199951171875,1678.75,1614.699951171875,1616.4100341796875,1282267136
2026-06-24 16:00:00+00:00,1614.9599609375,1633.18994140625,1551.5899658203125,1581.6300048828125,3709193216
2026-06-24 20:00:00+00:00,1581.949951171875,1625.3800048828125,1577.300048828125,1619.719970703125,1220698112
2026-06-25 00:00:00+00:00,1620.1500244140625,1623.5999755859375,1612.3199462890625,1616.8900146484375,462244864
2026-06-25 04:00:00+00:00,1617.1300048828125,1657.0899658203125,1614.489990234375,1654.56005859375,1558076416
2026-06-25 08:00:00+00:00,1654.8299560546875,1656.1800537109375,1625.6800537109375,1630.6700439453125,668747776
2026-06-25 12:00:00+00:00,1630.72998046875,1645.800048828125,1530.6800537109375,1567.0,2857205760
2026-06-25 16:00:00+00:00,1568.06005859375,1584.68994140625,1552.6400146484375,1556.0799560546875,0
2026-06-25 20:00:00+00:00,1558.050048828125,1580.719970703125,1554.1500244140625,1564.8599853515625,159905792
2026-06-26 00:00:00+00:00,1565.4599609375,1569.18994140625,1510.0,1555.449951171875,1659588608
2026-06-26 04:00:00+00:00,1555.300048828125,1583.6199951171875,1541.7900390625,1578.780029296875,1575050240
2026-06-26 08:00:00+00:00,1578.8800048828125,1579.949951171875,1539.0899658203125,1543.0799560546875,660111360
2026-06-26 12:00:00+00:00,1543.2099609375,1585.550048828125,1520.4599609375,1578.0,662435840
2026-06-26 16:00:00+00:00,1578.6099853515625,1589.6099853515625,1567.699951171875,1574.4000244140625,112272384
2026-06-26 20:00:00+00:00,1573.4300537109375,1580.6700439453125,1565.6199951171875,1576.27001953125,429795328
2026-06-27 00:00:00+00:00,1576.4599609375,1584.25,1569.2099609375,1578.25,0
2026-06-27 04:00:00+00:00,1578.3299560546875,1583.989990234375,1572.8199462890625,1583.1400146484375,0
2026-06-27 08:00:00+00:00,1583.3399658203125,1583.3399658203125,1576.699951171875,1581.4200439453125,0
2026-06-27 12:00:00+00:00,1581.2099609375,1608.030029296875,1578.969970703125,1603.0999755859375,0
2026-06-27 16:00:00+00:00,1603.0899658203125,1604.68994140625,1570.969970703125,1575.780029296875,0
2026-06-27 20:00:00+00:00,1575.8599853515625,1582.4599609375,1562.0899658203125,1571.5999755859375,162677248
2026-06-28 00:00:00+00:00,1571.5899658203125,1577.52001953125,1567.31005859375,1572.7900390625,53413376
2026-06-28 04:00:00+00:00,1572.7099609375,1575.0,1560.510009765625,1573.739990234375,130020864
2026-06-28 08:00:00+00:00,1573.5699462890625,1583.3800048828125,1570.5999755859375,1580.550048828125,222828544
2026-06-28 12:00:00+00:00,1580.5400390625,1585.0799560546875,1572.760009765625,1578.550048828125,78618112
2026-06-28 16:00:00+00:00,1578.68994140625,1579.5699462890625,1554.75,1562.4200439453125,498505216
2026-06-28 20:00:00+00:00,1561.8699951171875,1579.2099609375,1546.030029296875,1569.4000244140625,634657280
2026-06-29 00:00:00+00:00,1569.510009765625,1585.6400146484375,1548.280029296875,1582.030029296875,1199207936
2026-06-29 04:00:00+00:00,1582.1099853515625,1585.9000244140625,1559.8800048828125,1577.8499755859375,807995392
2026-06-29 08:00:00+00:00,1577.75,1584.22998046875,1567.4200439453125,1572.7099609375,361069568
2026-06-29 12:00:00+00:00,1573.0999755859375,1594.25,1555.1400146484375,1577.550048828125,2592173568
2026-06-29 16:00:00+00:00,1577.719970703125,1633.5899658203125,1571.1600341796875,1622.9100341796875,1888224256
2026-06-29 20:00:00+00:00,1623.5400390625,1623.9200439453125,1605.530029296875,1610.72998046875,565065728
2026-06-30 00:00:00+00:00,1610.18994140625,1611.8499755859375,1583.9000244140625,1584.3199462890625,198974464
2026-06-30 04:00:00+00:00,1584.0799560546875,1593.1800537109375,1576.8900146484375,1589.75,209717248
2026-06-30 08:00:00+00:00,1589.75,1591.8499755859375,1573.469970703125,1575.739990234375,809527296
2026-06-30 12:00:00+00:00,1575.719970703125,1575.719970703125,1548.1800537109375,1562.1700439453125,243802112
2026-06-30 16:00:00+00:00,1562.0799560546875,1578.8399658203125,1559.260009765625,1578.0999755859375,69448704
2026-06-30 20:00:00+00:00,1576.989990234375,1580.27001953125,1563.4100341796875,1569.489990234375,0
2026-07-01 00:00:00+00:00,1569.6099853515625,1595.6199951171875,1550.8900146484375,1592.2900390625,668874752
2026-07-01 04:00:00+00:00,1591.9300537109375,1600.68994140625,1569.18994140625,1576.1800537109375,698168320
2026-07-01 08:00:00+00:00,1575.5,1582.8699951171875,1565.239990234375,1567.72998046875,25428992
2026-07-01 12:00:00+00:00,1568.719970703125,1629.050048828125,1563.8499755859375,1618.760009765625,645197824
2026-07-01 16:00:00+00:00,1618.6199951171875,1625.0699462890625,1605.5400390625,1616.0,584224768
2026-07-01 20:00:00+00:00,1616.0999755859375,1642.9599609375,1606.5699462890625,1607.6400146484375,853237760
2026-07-02 00:00:00+00:00,1607.52001953125,1640.0,1595.280029296875,1637.550048828125,568331264
2026-07-02 04:00:00+00:00,1637.5999755859375,1637.9200439453125,1612.3199462890625,1613.8299560546875,395496448
2026-07-02 08:00:00+00:00,1613.9200439453125,1652.4200439453125,1612.9599609375,1648.6400146484375,1306955776
2026-07-02 12:00:00+00:00,1647.8299560546875,1721.2099609375,1645.8299560546875,1695.0999755859375,2162108416
2026-07-02 16:00:00+00:00,1695.199951171875,1705.8299560546875,1685.1300048828125,1698.8800048828125,692260864
2026-07-02 20:00:00+00:00,1699.1099853515625,1705.010009765625,1690.22998046875,1698.43994140625,447757312
2026-07-03 00:00:00+00:00,1698.3699951171875,1715.8399658203125,1692.8499755859375,1704.3199462890625,699851776
2026-07-03 04:00:00+00:00,1704.6300048828125,1720.0699462890625,1700.449951171875,1715.97998046875,225564672
2026-07-03 08:00:00+00:00,1715.8900146484375,1747.0,1713.8599853515625,1740.510009765625,64498688
2026-07-03 12:00:00+00:00,1740.739990234375,1750.0,1727.199951171875,1729.43994140625,0
2026-07-03 16:00:00+00:00,1729.4100341796875,1751.5999755859375,1726.1800537109375,1743.5,370963456
2026-07-03 20:00:00+00:00,1743.699951171875,1772.800048828125,1741.9100341796875,1757.1099853515625,738870272
2026-07-04 00:00:00+00:00,1756.050048828125,1762.1099853515625,1742.6300048828125,1752.1099853515625,31584256
2026-07-04 04:00:00+00:00,1752.0999755859375,1762.5,1749.8399658203125,1756.8399658203125,581827584
2026-07-04 08:00:00+00:00,1757.0,1763.800048828125,1753.4000244140625,1756.6300048828125,198456320
2026-07-04 12:00:00+00:00,1756.6300048828125,1795.93994140625,1756.6300048828125,1789.719970703125,883779072
2026-07-04 16:00:00+00:00,1789.9599609375,1804.77001953125,1777.5400390625,1791.300048828125,1089652736
2026-07-04 20:00:00+00:00,1791.199951171875,1794.449951171875,1771.510009765625,1779.0699462890625,169047552
2026-07-05 00:00:00+00:00,1779.199951171875,1779.2900390625,1755.6600341796875,1759.969970703125,388101120
2026-07-05 04:00:00+00:00,1759.9000244140625,1770.6700439453125,1758.6099853515625,1768.3599853515625,1229753856
2026-07-05 08:00:00+00:00,1768.239990234375,1771.0,1749.0,1758.5999755859375,2923623424
2026-07-05 12:00:00+00:00,1758.25,1777.469970703125,1754.5999755859375,1773.0799560546875,23083008
2026-07-05 16:00:00+00:00,1772.97998046875,1784.43994140625,1768.81005859375,1779.760009765625,51390464
2026-07-05 20:00:00+00:00,1779.56005859375,1805.47998046875,1767.9100341796875,1784.199951171875,1200394240
2026-07-06 00:00:00+00:00,1784.3499755859375,1797.5,1771.0999755859375,1778.0699462890625,285546496
2026-07-06 04:00:00+00:00,1777.699951171875,1782.800048828125,1763.5,1770.4200439453125,0
2026-07-06 08:00:00+00:00,1770.43994140625,1776.7900390625,1754.0799560546875,1757.6300048828125,96863232
2026-07-06 12:00:00+00:00,1757.699951171875,1787.780029296875,1728.4300537109375,1787.25,6387263488
2026-07-06 16:00:00+00:00,1788.27001953125,1803.8900146484375,1781.699951171875,1791.0,2523116544
2026-07-06 20:00:00+00:00,1792.4200439453125,1830.2099609375,1786.0899658203125,1798.56005859375,841711616
2026-07-07 00:00:00+00:00,1798.6400146484375,1808.8900146484375,1767.800048828125,1770.22998046875,785825792
2026-07-07 04:00:00+00:00,1769.699951171875,1781.1099853515625,1756.5400390625,1769.8900146484375,314887168
2026-07-07 08:00:00+00:00,1770.3499755859375,1782.989990234375,1766.8800048828125,1779.22998046875,92407808
2026-07-07 12:00:00+00:00,1779.2900390625,1801.0699462890625,1759.449951171875,1795.9100341796875,0
2026-07-07 16:00:00+00:00,1795.8599853515625,1810.6800537109375,1773.25,1789.4300537109375,309471232
2026-07-07 20:00:00+00:00,1789.0899658203125,1792.0,1764.9000244140625,1770.06005859375,0
2026-07-08 00:00:00+00:00,1770.0999755859375,1782.93994140625,1740.9100341796875,1749.760009765625,374546432
2026-07-08 04:00:00+00:00,1750.3199462890625,1758.239990234375,1743.780029296875,1755.4599609375,63387648
2026-07-08 08:00:00+00:00,1755.5999755859375,1757.1099853515625,1724.800048828125,1746.47998046875,1061036032
2026-07-08 12:00:00+00:00,1746.489990234375,1749.530029296875,1711.2900390625,1721.06005859375,310958080
2026-07-08 16:00:00+00:00,1721.6099853515625,1744.8699951171875,1721.010009765625,1739.5899658203125,48826368
2026-07-08 20:00:00+00:00,1737.5999755859375,1743.050048828125,1730.1400146484375,1742.0,42024960
2026-07-09 00:00:00+00:00,1741.8599853515625,1752.97998046875,1720.56005859375,1729.0799560546875,237290496
2026-07-09 04:00:00+00:00,1729.0400390625,1759.5,1728.9000244140625,1751.699951171875,280713216
2026-07-09 08:00:00+00:00,1751.719970703125,1757.43994140625,1739.6500244140625,1742.530029296875,73073664
2026-07-09 12:00:00+00:00,1741.3599853515625,1749.800048828125,1731.8199462890625,1737.81005859375,278802432
2026-07-09 16:00:00+00:00,1737.81005859375,1757.9300537109375,1730.0,1746.989990234375,126054400
2026-07-09 20:00:00+00:00,1747.18994140625,1749.760009765625,1740.3399658203125,1743.8199462890625,209139712
2026-07-10 00:00:00+00:00,1743.780029296875,1778.199951171875,1736.5799560546875,1774.800048828125,465760768
2026-07-10 04:00:00+00:00,1774.8499755859375,1779.030029296875,1767.780029296875,1772.3900146484375,341885952
2026-07-10 08:00:00+00:00,1772.1600341796875,1801.0999755859375,1771.43994140625,1800.22998046875,841539072
2026-07-10 12:00:00+00:00,1800.47998046875,1809.9000244140625,1775.739990234375,1789.699951171875,539241472
2026-07-10 16:00:00+00:00,1790.0799560546875,1798.1800537109375,1780.3199462890625,1791.1099853515625,291492864
2026-07-10 20:00:00+00:00,1791.8599853515625,1797.0400390625,1788.1700439453125,1795.739990234375,102514688
2026-07-11 00:00:00+00:00,1795.2099609375,1797.5699462890625,1786.3599853515625,1795.199951171875,0
2026-07-11 04:00:00+00:00,1795.1800537109375,1801.6400146484375,1793.8599853515625,1798.6800537109375,33588224
2026-07-11 08:00:00+00:00,1798.6600341796875,1802.0799560546875,1793.56005859375,1798.949951171875,0
2026-07-11 12:00:00+00:00,1798.949951171875,1825.9200439453125,1796.81005859375,1813.52001953125,438944256
2026-07-11 16:00:00+00:00,1813.510009765625,1828.1400146484375,1809.8299560546875,1823.4100341796875,388580864
2026-07-11 20:00:00+00:00,1823.4000244140625,1828.0799560546875,1785.719970703125,1786.81005859375,592326656
2026-07-12 00:00:00+00:00,1786.9200439453125,1811.1700439453125,1778.81005859375,1810.4200439453125,547187200
2026-07-12 04:00:00+00:00,1810.239990234375,1811.3900146484375,1788.8800048828125,1797.699951171875,78452736
2026-07-12 08:00:00+00:00,1797.3199462890625,1807.8399658203125,1795.5,1802.6500244140625,63588864
2026-07-12 12:00:00+00:00,1802.3399658203125,1825.0799560546875,1801.8900146484375,1819.9599609375,22527488
2026-07-12 16:00:00+00:00,1820.1300048828125,1823.1099853515625,1814.0699462890625,1820.3900146484375,10544128
2026-07-12 20:00:00+00:00,1820.489990234375,1822.68994140625,1796.5400390625,1805.510009765625,106436096
2026-07-13 00:00:00+00:00,1805.739990234375,1840.8499755859375,1774.199951171875,1779.1199951171875,1856439296
2026-07-13 04:00:00+00:00,1779.22998046875,1789.739990234375,1773.56005859375,1785.97998046875,727062528
2026-07-13 08:00:00+00:00,1786.27001953125,1791.97998046875,1775.81005859375,1779.199951171875,458715136
2026-07-13 12:00:00+00:00,1779.5899658203125,1785.219970703125,1761.52001953125,1775.3900146484375,1261838336
2026-07-13 16:00:00+00:00,1775.68994140625,1779.1600341796875,1749.0999755859375,1773.1800537109375,806743040
2026-07-13 20:00:00+00:00,1772.7099609375,1775.780029296875,1751.8900146484375,1774.5699462890625,296003584
2026-07-14 00:00:00+00:00,1775.0799560546875,1792.43994140625,1771.3599853515625,1781.9000244140625,0
2026-07-14 04:00:00+00:00,1781.6199951171875,1790.6800537109375,1776.93994140625,1778.6600341796875,116880384
2026-07-14 08:00:00+00:00,1778.6099853515625,1802.7099609375,1777.06005859375,1795.9100341796875,634306560
2026-07-14 12:00:00+00:00,1796.6700439453125,1885.0,1792.3800048828125,1873.7099609375,3979915264
2026-07-14 16:00:00+00:00,1874.3399658203125,1880.4200439453125,1861.449951171875,1875.7099609375,247685120
2026-07-14 20:00:00+00:00,1876.6700439453125,1895.0,1870.9300537109375,1890.5400390625,539321344
2026-07-15 00:00:00+00:00,1891.25,1891.97998046875,1863.2900390625,1874.93994140625,150586368
2026-07-15 04:00:00+00:00,1874.7099609375,1890.3900146484375,1863.510009765625,1868.77001953125,649248768
2026-07-15 08:00:00+00:00,1869.5,1885.3499755859375,1868.9100341796875,1883.0899658203125,273305600
2026-07-15 12:00:00+00:00,1882.97998046875,1944.300048828125,1877.699951171875,1930.0,0
2026-07-15 16:00:00+00:00,1930.52001953125,1935.3599853515625,1902.6500244140625,1922.1700439453125,713477120
2026-07-15 20:00:00+00:00,1923.3499755859375,1929.1199951171875,1914.1199951171875,1916.760009765625,124576768
2026-07-16 00:00:00+00:00,1916.530029296875,1927.6700439453125,1906.989990234375,1917.47998046875,77211648
2026-07-16 04:00:00+00:00,1917.18994140625,1927.3199462890625,1903.7099609375,1908.8800048828125,76463104
2026-07-16 08:00:00+00:00,1908.9000244140625,1911.1199951171875,1875.0,1883.780029296875,1601695744
2026-07-16 12:00:00+00:00,1883.5400390625,1891.949951171875,1866.25,1880.300048828125,103081984
2026-07-16 16:00:00+00:00,1880.1300048828125,1881.6600341796875,1862.1500244140625,1874.0999755859375,34145280
2026-07-16 20:00:00+00:00,1873.2900390625,1879.9300537109375,1856.02001953125,1863.1800537109375,406190080
2026-07-17 00:00:00+00:00,1863.0699462890625,1869.31005859375,1841.9000244140625,1850.9100341796875,683428864
2026-07-17 04:00:00+00:00,1850.8499755859375,1851.0799560546875,1820.030029296875,1826.449951171875,720899072
2026-07-17 08:00:00+00:00,1826.6500244140625,1841.1800537109375,1819.43994140625,1837.4200439453125,0
2026-07-17 12:00:00+00:00,1837.550048828125,1838.3599853515625,1802.0899658203125,1829.3599853515625,397819904
2026-07-17 16:00:00+00:00,1828.81005859375,1855.18994140625,1825.1199951171875,1842.199951171875,319297536
2026-07-17 20:00:00+00:00,1841.949951171875,1845.5999755859375,1834.0,1840.739990234375,0
2026-07-18 00:00:00+00:00,1840.9300537109375,1845.7099609375,1838.300048828125,1844.81005859375,0
2026-07-18 04:00:00+00:00,1844.9200439453125,1848.0,1841.25,1843.030029296875,0
2026-07-18 08:00:00+00:00,1843.239990234375,1848.02001953125,1841.199951171875,1844.1700439453125,0
2026-07-18 12:00:00+00:00,1844.1700439453125,1849.0699462890625,1836.25,1842.5,0
2026-07-18 16:00:00+00:00,1842.5,1864.030029296875,1840.5,1857.239990234375,105165312
2026-07-18 20:00:00+00:00,1857.3499755859375,1864.31005859375,1854.5400390625,1861.5400390625,122732544
2026-07-19 00:00:00+00:00,1861.6199951171875,1875.800048828125,1857.4000244140625,1866.06005859375,464806912
2026-07-19 04:00:00+00:00,1865.4000244140625,1870.6400146484375,1863.0699462890625,1868.0400390625,317402624
2026-07-19 08:00:00+00:00,1869.0999755859375,1877.27001953125,1863.02001953125,1870.050048828125,433709056
2026-07-19 12:00:00+00:00,1869.9599609375,1877.4300537109375,1863.260009765625,1869.6600341796875,781743104
2026-07-19 16:00:00+00:00,1869.5799560546875,1872.3800048828125,1853.550048828125,1860.75,184662528
2026-07-19 20:00:00+00:00,1861.300048828125,1875.7099609375,1855.97998046875,1870.8599853515625,417851392
2026-07-20 00:00:00+00:00,1871.010009765625,1890.199951171875,1861.260009765625,1878.0999755859375,650095616
2026-07-20 04:00:00+00:00,1878.3399658203125,1878.47998046875,1842.8399658203125,1862.3800048828125,1049361408
2026-07-20 08:00:00+00:00,1861.6199951171875,1894.75,1852.510009765625,1891.56005859375,959491072
2026-07-20 12:00:00+00:00,1891.93994140625,1902.02001953125,1851.77001953125,1901.0899658203125,1161907200
2026-07-20 16:00:00+00:00,1901.6099853515625,1916.9300537109375,1888.699951171875,1897.4000244140625,1648742400
2026-07-20 20:00:00+00:00,1898.9300537109375,1906.3199462890625,1892.9000244140625,1903.5400390625,246472704
2026-07-21 00:00:00+00:00,1903.47998046875,1927.0999755859375,1899.56005859375,1925.6400146484375,367637504
2026-07-21 04:00:00+00:00,1925.4599609375,1938.3599853515625,1920.72998046875,1932.8900146484375,290926592
2026-07-21 08:00:00+00:00,1932.77001953125,1949.3699951171875,1926.239990234375,1934.6099853515625,1561665536
2026-07-21 12:00:00+00:00,1934.760009765625,1944.1400146484375,1922.5,1930.760009765625,220418048
2026-07-21 16:00:00+00:00,1930.989990234375,1934.4300537109375,1914.25,1922.6400146484375,218574848
2026-07-21 20:00:00+00:00,1923.3800048828125,1929.699951171875,1915.699951171875,1928.6300048828125,11185152
2026-07-22 00:00:00+00:00,1929.0999755859375,1942.8199462890625,1925.4000244140625,1927.5,367008768
2026-07-22 04:00:00+00:00,1926.8399658203125,1937.989990234375,1909.47998046875,1912.8800048828125,282750976
2026-07-22 08:00:00+00:00,1912.68994140625,1932.3699951171875,1912.68994140625,1926.1600341796875,0
2026-07-22 12:00:00+00:00,1926.1600341796875,1952.7900390625,1912.4100341796875,1941.949951171875,358275072
2026-07-22 16:00:00+00:00,1942.06005859375,1955.5999755859375,1920.0799560546875,1924.300048828125,328916992
2026-07-22 20:00:00+00:00,1923.5400390625,1938.6300048828125,1921.800048828125,1933.5400390625,290189312
2026-07-23 00:00:00+00:00,1933.8900146484375,1940.6500244140625,1917.4599609375,1919.530029296875,0
2026-07-23 04:00:00+00:00,1919.530029296875,1927.6099853515625,1911.1400146484375,1914.199951171875,9307136
2026-07-23 08:00:00+00:00,1914.300048828125,1930.3800048828125,1913.0999755859375,1925.260009765625,212862976
2026-07-23 12:00:00+00:00,1925.0699462890625,1927.1199951171875,1881.6099853515625,1893.800048828125,893418496
2026-07-23 16:00:00+00:00,1893.699951171875,1893.699951171875,1868.0,1874.1400146484375,126646272
2026-07-23 20:00:00+00:00,1873.8599853515625,1887.300048828125,1872.9300537109375,1876.9100341796875,117713920
2026-07-24 00:00:00+00:00,1877.31005859375,1879.6400146484375,1860.8699951171875,1879.199951171875,350392320
2026-07-24 04:00:00+00:00,1879.4300537109375,1908.02001953125,1872.0,1894.6600341796875,267018240
2026-07-24 08:00:00+00:00,1894.68994140625,1894.8699951171875,1875.1199951171875,1882.760009765625,87153664
2026-07-24 12:00:00+00:00,1882.0799560546875,1884.3800048828125,1846.0899658203125,1860.0,151161856
2026-07-24 16:00:00+00:00,1860.0400390625,1865.06005859375,1851.699951171875,1862.0,160417792
2026-07-24 20:00:00+00:00,1861.9200439453125,1863.6700439453125,1855.010009765625,1860.010009765625,98689024
2026-07-25 00:00:00+00:00,1859.8900146484375,1862.989990234375,1854.3800048828125,1856.9200439453125,0
2026-07-25 04:00:00+00:00,1856.969970703125,1861.2099609375,1853.0,1854.489990234375,109081600
2026-07-25 08:00:00+00:00,1853.449951171875,1858.199951171875,1849.260009765625,1856.06005859375,3575296
2026-07-25 12:00:00+00:00,1856.0899658203125,1869.6199951171875,1855.0999755859375,1866.0999755859375,0
2026-07-25 16:00:00+00:00,1866.47998046875,1874.8499755859375,1862.969970703125,1873.06005859375,36657152
2026-07-25 20:00:00+00:00,1873.2900390625,1875.31005859375,1866.4300537109375,1873.050048828125,41482240
2026-07-26 00:00:00+00:00,1873.010009765625,1882.4000244140625,1872.1600341796875,1880.5899658203125,41125120
2026-07-26 04:00:00+00:00,1880.81005859375,1887.4000244140625,1876.8599853515625,1879.8499755859375,190281472
2026-07-26 08:00:00+00:00,1879.8699951171875,1886.0699462890625,1877.68994140625,1884.22998046875,0
2026-07-26 12:00:00+00:00,1884.4100341796875,1914.77001953125,1880.5699462890625,1913.2900390625,569147904
2026-07-26 16:00:00+00:00,1914.27001953125,1926.0799560546875,1907.22998046875,1912.47998046875,475808256
2026-07-26 20:00:00+00:00,1912.550048828125,1963.9000244140625,1909.800048828125,1952.8900146484375,1709196800
2026-07-27 00:00:00+00:00,1953.3499755859375,1953.3499755859375,1934.780029296875,1948.02001953125,1026124288
2026-07-27 04:00:00+00:00,1948.06005859375,1975.4300537109375,1946.8900146484375,1963.0,1874940928
2026-07-27 08:00:00+00:00,1963.9200439453125,1970.199951171875,1955.5999755859375,1957.8900146484375,1016184832
2026-07-27 12:00:00+00:00,1958.300048828125,1975.4100341796875,1918.1500244140625,1925.510009765625,2321939456
2026-07-27 16:00:00+00:00,1925.8900146484375,1953.5899658203125,1920.7900390625,1946.8199462890625,721135616
2026-07-27 20:00:00+00:00,1948.25,1948.6700439453125,1882.199951171875,1890.6700439453125,575939584
2026-07-28 00:00:00+00:00,1891.1099853515625,1892.780029296875,1865.5999755859375,1879.530029296875,547429376
2026-07-28 04:00:00+00:00,1879.02001953125,1887.510009765625,1874.6600341796875,1881.8800048828125,69163008
2026-07-28 08:00:00+00:00,1881.2099609375,1883.6600341796875,1869.719970703125,1874.7900390625,120013824
2026-07-28 12:00:00+00:00,1874.8199462890625,1922.0999755859375,1856.219970703125,1918.300048828125,581144576
2026-07-28 16:00:00+00:00,1917.9100341796875,1926.530029296875,1892.0,1919.510009765625,356970496
2026-07-28 20:00:00+00:00,1920.1700439453125,1926.75,1902.010009765625,1919.9000244140625,140191744
2026-07-29 00:00:00+00:00,1920.1099853515625,1926.2099609375,1888.4100341796875,1890.1600341796875,156003328
2026-07-29 04:00:00+00:00,1890.43994140625,1922.27001953125,1882.18994140625,1921.280029296875,343548928
2026-07-29 08:00:00+00:00,1922.0,1922.989990234375,1908.3800048828125,1913.010009765625,241215488
2026-07-29 12:00:00+00:00,1912.97998046875,1912.97998046875,1884.510009765625,1889.81005859375,0
2026-07-29 16:00:00+00:00,1889.530029296875,1932.0,1883.31005859375,1886.699951171875,1452023808
2026-07-29 20:00:00+00:00,1886.02001953125,1910.56005859375,1873.7900390625,1908.530029296875,715365376
2026-07-30 00:00:00+00:00,1908.300048828125,1917.9300537109375,1891.699951171875,1907.5400390625,458759168
2026-07-30 04:00:00+00:00,1908.0999755859375,1908.1800537109375,1896.8299560546875,1900.4599609375,0
2026-07-30 08:00:00+00:00,1900.989990234375,1923.5,1897.9100341796875,1920.550048828125,50750464
2026-07-30 12:00:00+00:00,1921.77001953125,1933.8699951171875,1912.0999755859375,1916.699951171875,171310080
2026-07-30 16:00:00+00:00,1917.22998046875,1927.47998046875,1912.9599609375,1922.0799560546875,0
2026-07-30 20:00:00+00:00,1921.8499755859375,1934.989990234375,1914.56005859375,1916.8199462890625,17281024
2026-07-31 00:00:00+00:00,1917.3199462890625,1934.0,1898.219970703125,1906.81005859375,308428288
2026-07-31 04:00:00+00:00,1906.800048828125,1908.9599609375,1883.6400146484375,1888.1800537109375,316174336
2026-07-31 08:00:00+00:00,1887.47998046875,1891.43994140625,1876.0,1882.5999755859375,324393472
2026-07-31 12:00:00+00:00,1882.8900146484375,1888.510009765625,1847.219970703125,1860.56005859375,1462171648
2026-07-31 16:00:00+00:00,1860.68994140625,1876.1199951171875,1859.0400390625,1866.3199462890625,367433728
2026-07-31 20:00:00+00:00,1865.97998046875,1868.6300048828125,1856.9599609375,1860.5999755859375,86067200
2026-08-01 00:00:00+00:00,1860.9000244140625,1868.199951171875,1860.4200439453125,1868.0799560546875,0
2026-08-01 04:00:00+00:00,1868.0999755859375,1870.0799560546875,1863.5799560546875,1867.6800537109375,0
2026-08-01 08:00:00+00:00,1867.800048828125,1868.989990234375,1861.4100341796875,1865.18994140625,0
2026-08-01 12:00:00+00:00,1866.1600341796875,1873.699951171875,1865.3499755859375,1868.43994140625,0
2026-08-01 16:00:00+00:00,1868.260009765625,1871.7099609375,1820.8900146484375,1835.550048828125,788859648
2026-08-01 20:00:00+00:00,1835.3199462890625,1847.489990234375,1831.7099609375,1843.1600341796875,42750464
2026-08-02 00:00:00+00:00,1843.2099609375,1881.5699462890625,1842.010009765625,1875.56005859375,878791680
2026-08-02 04:00:00+00:00,1875.72998046875,1880.739990234375,1873.1199951171875,1874.050048828125,212874240
2026-08-02 08:00:00+00:00,1874.219970703125,1877.0,1847.75,1850.800048828125,293989888
2026-08-02 12:00:00+00:00,1851.4000244140625,1859.9599609375,1850.4599609375,1856.989990234375,224550912
2026-08-02 16:00:00+00:00,1857.1800537109375,1884.22998046875,1853.9599609375,1880.06005859375,16253952
2026-08-02 20:00:00+00:00,1880.0799560546875,1896.1800537109375,1874.300048828125,1883.3499755859375,402000896
2026-08-03 00:00:00+00:00,1883.1700439453125,1883.800048828125,1850.3399658203125,1854.739990234375,0
2026-08-03 04:00:00+00:00,1854.77001953125,1860.699951171875,1838.31005859375,1841.56005859375,444148736
2026-08-03 08:00:00+00:00,1841.2099609375,1852.1300048828125,1827.0,1837.4000244140625,617990656
2026-08-03 12:00:00+00:00,1837.1199951171875,1871.9300537109375,1834.280029296875,1861.260009765625,1515062272
2026-08-03 16:00:00+00:00,1861.9000244140625,1874.4000244140625,1859.8299560546875,1868.5699462890625,334959104
2026-08-03 20:00:00+00:00,1868.4599609375,1874.510009765625,1851.3599853515625,1858.6700439453125,126092288
2026-08-04 00:00:00+00:00,1858.9599609375,1869.9000244140625,1847.06005859375,1862.4599609375,272940544
2026-08-04 04:00:00+00:00,1862.5999755859375,1872.6800537109375,1851.43994140625,1862.010009765625,240878080
2026-08-04 08:00:00+00:00,1862.010009765625,1872.8299560546875,1851.449951171875,1870.9000244140625,36284928
2026-08-04 12:00:00+00:00,1870.9300537109375,1879.8199462890625,1856.530029296875,1871.4100341796875,162404864
2026-08-04 16:00:00+00:00,1871.9000244140625,1880.0799560546875,1864.010009765625,1873.52001953125,408094720
2026-08-04 20:00:00+00:00,1873.9000244140625,1879.6099853515625,1865.0,1868.3900146484375,179072000
2026-08-05 00:00:00+00:00,1868.31005859375,1876.489990234375,1859.81005859375,1866.1400146484375,123344896
2026-08-05 04:00:00+00:00,1866.1400146484375,1875.77001953125,1861.7900390625,1870.6099853515625,139893248
2026-08-05 08:00:00+00:00,1870.93994140625,1874.31005859375,1864.6099853515625,1867.1099853515625,334122496
2026-08-05 12:00:00+00:00,1866.93994140625,1883.18994140625,1854.31005859375,1872.4100341796875,315612672
2026-08-05 16:00:00+00:00,1872.280029296875,1926.0999755859375,1872.06005859375,1915.6199951171875,1396389376
2026-08-05 20:00:00+00:00,1916.25,1923.1600341796875,1903.0,1907.2900390625,308678656
2026-08-06 00:00:00+00:00,1907.75,1911.969970703125,1893.2900390625,1897.219970703125,190279680
2026-08-06 04:00:00+00:00,1896.8499755859375,1916.8199462890625,1893.9599609375,1907.1199951171875,253613056
2026-08-06 08:00:00+00:00,1907.969970703125,1917.1700439453125,1894.8399658203125,1905.8399658203125,289100800
2026-08-06 12:00:00+00:00,1905.8199462890625,1918.1099853515625,1890.52001953125,1909.1099853515625,63522816
2026-08-06 16:00:00+00:00,1909.6199951171875,1916.72998046875,1902.43994140625,1908.5699462890625,100898816
2026-08-06 20:00:00+00:00,1908.699951171875,1909.5,1897.1300048828125,1902.4200439453125,555008
2026-08-07 00:00:00+00:00,1902.030029296875,1906.8599853515625,1895.1300048828125,1895.6800537109375,29605888
2026-08-07 04:00:00+00:00,1895.280029296875,1906.06005859375,1892.72998046875,1900.9300537109375,46344192
2026-08-07 08:00:00+00:00,1900.4599609375,1919.449951171875,1900.4599609375,1914.8900146484375,626956800
2026-08-07 12:00:00+00:00,1914.9000244140625,1938.8800048828125,1909.4300537109375,1916.5899658203125,820746240
2026-08-07 16:00:00+00:00,1917.0799560546875,1923.8699951171875,1904.6600341796875,1917.8399658203125,231673856
2026-08-07 20:00:00+00:00,1918.1800537109375,1919.3800048828125,1911.4000244140625,1913.1500244140625,102385664
2026-08-08 00:00:00+00:00,1913.1600341796875,1918.3900146484375,1911.5899658203125,1917.1099853515625,0
2026-08-08 04:00:00+00:00,1917.1099853515625,1918.52001953125,1913.2099609375,1914.27001953125,0
2026-08-08 08:00:00+00:00,1914.260009765625,1921.8499755859375,1913.6700439453125,1919.6099853515625,0
2026-08-08 12:00:00+00:00,1919.6099853515625,1924.8399658203125,1917.3900146484375,1921.239990234375,0
2026-08-08 16:00:00+00:00,1921.22998046875,1924.8900146484375,1918.4000244140625,1919.1600341796875,0
2026-08-08 20:00:00+00:00,1918.6099853515625,1920.989990234375,1913.3499755859375,1915.4200439453125,16938752
2026-08-09 00:00:00+00:00,1915.3800048828125,1918.6199951171875,1911.300048828125,1912.699951171875,75601920
2026-08-09 04:00:00+00:00,1912.699951171875,1918.02001953125,1911.52001953125,1917.5,130097408
2026-08-09 08:00:00+00:00,1917.6199951171875,1923.4000244140625,1912.010009765625,1917.9300537109375,152405248
2026-08-09 12:00:00+00:00,1917.97998046875,1925.0,1915.280029296875,1924.6400146484375,160284928
2026-08-09 16:00:00+00:00,1924.8299560546875,1924.93994140625,1919.1800537109375,1920.5799560546875,7410176
2026-08-09 20:00:00+00:00,1920.5699462890625,1935.9000244140625,1906.4100341796875,1909.0899658203125,670636032
2026-08-10 00:00:00+00:00,1908.3499755859375,1929.199951171875,1904.5999755859375,1915.8399658203125,866480128
2026-08-10 04:00:00+00:00,1915.510009765625,1929.27001953125,1911.3599853515625,1923.97998046875,490468352
2026-08-10 08:00:00+00:00,1923.969970703125,1928.2099609375,1912.9599609375,1918.5,283972608
2026-08-10 12:00:00+00:00,1918.489990234375,1921.4200439453125,1870.030029296875,1875.02001953125,1881265664
2026-08-10 16:00:00+00:00,1874.27001953125,1878.8199462890625,1866.199951171875,1876.6400146484375,1015003136
2026-08-10 20:00:00+00:00,1876.280029296875,1879.4100341796875,1868.4599609375,1871.260009765625,99089408
2026-08-11 00:00:00+00:00,1871.3399658203125,1880.010009765625,1869.25,1879.0799560546875,0
2026-08-11 04:00:00+00:00,1879.0899658203125,1880.1700439453125,1868.9000244140625,1876.010009765625,118194688
2026-08-11 08:00:00+00:00,1876.1800537109375,1893.97998046875,1873.8299560546875,1891.4200439453125,433173504
2026-08-11 12:00:00+00:00,1891.800048828125,1895.9200439453125,1853.199951171875,1861.199951171875,0
2026-08-11 16:00:00+00:00,1861.199951171875,1882.43994140625,1858.25,1879.68994140625,0
2026-08-11 20:00:00+00:00,1880.5999755859375,1885.6600341796875,1876.8900146484375,1880.719970703125,424494592
2026-08-12 00:00:00+00:00,1880.6099853515625,1886.260009765625,1878.9200439453125,1884.9599609375,61801472
2026-08-12 04:00:00+00:00,1885.1300048828125,1891.3599853515625,1883.6400146484375,1890.010009765625,55102464
2026-08-12 08:00:00+00:00,1889.8900146484375,1914.3599853515625,1888.1500244140625,1913.9100341796875,364799488
2026-08-12 12:00:00+00:00,1914.6199951171875,1921.9300537109375,1882.9599609375,1890.699951171875,599258624
2026-08-12 16:00:00+00:00,1890.4599609375,1893.8499755859375,1875.760009765625,1877.1700439453125,2134528
2026-08-12 20:00:00+00:00,1877.06005859375,1887.2099609375,1872.6400146484375,1877.6800537109375,35050496
2026-08-13 00:00:00+00:00,1877.530029296875,1886.780029296875,1871.3599853515625,1885.5699462890625,360499200
2026-08-13 04:00:00+00:00,1885.68994140625,1897.800048828125,1883.4200439453125,1893.8699951171875,236194816
2026-08-13 08:00:00+00:00,1894.0,1895.4000244140625,1873.4100341796875,1878.3499755859375,37660672
2026-08-13 12:00:00+00:00,1878.1199951171875,1895.469970703125,1877.0400390625,1878.3900146484375,0
2026-08-13 16:00:00+00:00,1878.9100341796875,1890.7900390625,1861.9100341796875,1885.31005859375,628463104
2026-08-13 20:00:00+00:00,1885.75,1891.050048828125,1882.9000244140625,1884.6099853515625,0
2026-08-14 00:00:00+00:00,1884.8299560546875,1889.489990234375,1880.72998046875,1881.260009765625,0
2026-08-14 04:00:00+00:00,1881.0,1886.1400146484375,1870.4300537109375,1871.1800537109375,130560000
2026-08-14 08:00:00+00:00,1871.25,1878.8399658203125,1867.43994140625,1876.31005859375,57805824
2026-08-14 12:00:00+00:00,1876.5,1882.6400146484375,1862.18994140625,1879.239990234375,166691840
2026-08-14 16:00:00+00:00,1879.2099609375,1886.1300048828125,1871.6800537109375,1878.9200439453125,50914304
2026-08-14 20:00:00+00:00,1879.2900390625,1880.8599853515625,1874.5,1880.4100341796875,10482176
2026-08-15 00:00:00+00:00,1880.5,1884.8399658203125,1879.27001953125,1880.8900146484375,10957312
2026-08-15 04:00:00+00:00,1881.1800537109375,1883.7900390625,1877.739990234375,1878.56005859375,0
2026-08-15 08:00:00+00:00,1878.510009765625,1879.7099609375,1873.77001953125,1877.2900390625,0
2026-08-15 12:00:00+00:00,1877.1400146484375,1883.8900146484375,1876.2099609375,1882.8900146484375,0
2026-08-15 16:00:00+00:00,1883.010009765625,1884.3699951171875,1880.56005859375,1882.3599853515625,0
2026-08-15 20:00:00+00:00,1882.3599853515625,1883.77001953125,1880.0,1880.9599609375,21493248
2026-08-16 00:00:00+00:00,1880.8800048828125,1883.1600341796875,1875.1700439453125,1881.010009765625,41202944
2026-08-16 04:00:00+00:00,1881.02001953125,1882.6800537109375,1877.010009765625,1879.300048828125,38878976
2026-08-16 08:00:00+00:00,1879.300048828125,1880.27001953125,1877.1400146484375,1878.9100341796875,23649280
2026-08-16 12:00:00+00:00,1878.9000244140625,1882.969970703125,1877.3499755859375,1882.010009765625,87747328
2026-08-16 16:00:00+00:00,1882.02001953125,1889.989990234375,1880.760009765625,1884.1500244140625,303438080
2026-08-16 20:00:00+00:00,1884.3199462890625,1885.5899658203125,1867.3199462890625,1874.1300048828125,479336960
2026-08-17 00:00:00+00:00,1874.0999755859375,1904.77001953125,1870.6099853515625,1899.06005859375,1087939328
2026-08-17 04:00:00+00:00,1899.3599853515625,1910.199951171875,1896.1400146484375,1899.1400146484375,820555776
2026-08-17 08:00:00+00:00,1899.25,1907.2900390625,1889.68994140625,1902.7099609375,668216832
2026-08-17 12:00:00+00:00,1902.7900390625,1913.5899658203125,1893.8800048828125,1911.4599609375,1061661696
2026-08-17 16:00:00+00:00,1912.1300048828125,1912.6700439453125,1902.949951171875,1905.6300048828125,457891840
2026-08-17 20:00:00+00:00,1905.8699951171875,1917.06005859375,1901.9100341796875,1911.93994140625,333129728
2026-08-18 00:00:00+00:00,1912.510009765625,1912.800048828125,1884.3399658203125,1892.8900146484375,17247744
2026-08-18 04:00:00+00:00,1892.6600341796875,1905.1700439453125,1889.6800537109375,1896.93994140625,69081088
2026-08-18 08:00:00+00:00,1896.8599853515625,1903.8199462890625,1892.1199951171875,1901.2099609375,76886016
2026-08-18 12:00:00+00:00,1901.1099853515625,1922.1199951171875,1892.0699462890625,1916.469970703125,569043968
2026-08-18 16:00:00+00:00,1916.97998046875,1921.489990234375,1909.760009765625,1912.199951171875,72932352
2026-08-18 20:00:00+00:00,1912.699951171875,1919.0,1909.8199462890625,1916.739990234375,71417344
2026-08-19 00:00:00+00:00,1916.739990234375,1917.93994140625,1904.8900146484375,1910.4100341796875,118633984
2026-08-19 04:00:00+00:00,1910.4100341796875,1919.77001953125,1904.81005859375,1914.4599609375,152285696
2026-08-19 08:00:00+00:00,1914.300048828125,1928.3900146484375,1913.6300048828125,1921.550048828125,195907072
2026-08-19 12:00:00+00:00,1921.5400390625,2104.6298828125,1920.8499755859375,2085.35009765625,7129101824
2026-08-19 16:00:00+00:00,2085.360107421875,2106.429931640625,2068.300048828125,2101.929931640625,5100382208
2026-08-19 20:00:00+00:00,2102.580078125,2334.14990234375,2101.43994140625,2252.050048828125,10408646656
2026-08-20 00:00:00+00:00,2251.68994140625,2272.6201171875,2221.5400390625,2249.169921875,3279648768
2026-08-20 04:00:00+00:00,2249.27001953125,2265.5400390625,2237.510009765625,2250.18994140625,2351634432
2026-08-20 08:00:00+00:00,2250.199951171875,2317.050048828125,2247.639892578125,2294.820068359375,4950540288
2026-08-20 12:00:00+00:00,2295.3701171875,2334.510009765625,2256.010009765625,2325.93994140625,881917952
2026-08-20 16:00:00+00:00,2325.68994140625,2357.889892578125,2310.2099609375,2322.14990234375,499265536
2026-08-20 20:00:00+00:00,2323.780029296875,2337.969970703125,2307.610107421875,2326.35009765625,39237632
2026-08-21 00:00:00+00:00,2326.60009765625,2379.0,2324.72998046875,2340.030029296875,1010468864
2026-08-21 04:00:00+00:00,2341.18994140625,2396.780029296875,2341.18994140625,2369.7900390625,564226048
2026-08-21 08:00:00+00:00,2371.469970703125,2447.090087890625,2357.18994140625,2369.5,2655471616
2026-08-21 12:00:00+00:00,2370.219970703125,2407.89990234375,2364.60009765625,2392.889892578125,1255874560
2026-08-21 16:00:00+00:00,2393.5,2431.169921875,2383.800048828125,2413.2099609375,297302016
2026-08-21 20:00:00+00:00,2414.6298828125,2545.659912109375,2408.280029296875,2532.5,3039834112
2026-08-22 00:00:00+00:00,2515.820068359375,2528.389892578125,2492.139892578125,2510.320068359375,6669533184
