Date,Open,High,Low,Close,Volume,Dividends,Stock Splits
2025-08-24 00:00:00+00:00,0.4637260138988495,0.49312400817871094,0.4387040138244629,0.44134700298309326,103052914,0.0,0.0
2025-08-25 00:00:00+00:00,0.44135499000549316,0.44181299209594727,0.3877809941768646,0.3958579897880554,56822535,0.0,0.0
2025-08-26 00:00:00+00:00,0.3958530128002167,0.4171850085258484,0.3912999927997589,0.41352900862693787,39304465,0.0,0.0
2025-08-27 00:00:00+00:00,0.4134899973869324,0.470007985830307,0.41333499550819397,0.4432240128517151,150059484,0.0,0.0
2025-08-28 00:00:00+00:00,0.4432240128517151,0.4679960012435913,0.43153199553489685,0.44300198554992676,62785201,0.0,0.0
2025-08-29 00:00:00+00:00,0.44299599528312683,0.4668320119380951,0.4349530041217804,0.4568069875240326,90437880,0.0,0.0
2025-08-30 00:00:00+00:00,0.4568119943141937,0.47825801372528076,0.44722700119018555,0.47209399938583374,48141093,0.0,0.0
2025-08-31 00:00:00+00:00,0.4721420109272003,0.4754360020160675,0.4496060013771057,0.44963300228118896,29985251,0.0,0.0
2025-09-01 00:00:00+00:00,0.44963300228118896,0.4831410050392151,0.4416930079460144,0.4502519965171814,106395207,0.0,0.0
2025-09-02 00:00:00+00:00,0.45025599002838135,0.4639570116996765,0.43751299381256104,0.45603400468826294,57529954,0.0,0.0
2025-09-03 00:00:00+00:00,0.456030011177063,0.5041249990463257,0.4535689949989319,0.4950059950351715,92501367,0.0,0.0
2025-09-04 00:00:00+00:00,0.4950059950351715,0.5047940015792847,0.4700259864330292,0.4766030013561249,67610141,0.0,0.0
2025-09-05 00:00:00+00:00,0.476608008146286,0.5254549980163574,0.476608008146286,0.5012940168380737,107132859,0.0,0.0
2025-09-06 00:00:00+00:00,0.5012940168380737,0.5276150107383728,0.4929330050945282,0.495959997177124,66963836,0.0,0.0
2025-09-07 00:00:00+00:00,0.495959997177124,0.5035769939422607,0.4835290014743805,0.48611998558044434,35663036,0.0,0.0
2025-09-08 00:00:00+00:00,0.48611998558044434,0.49785301089286804,0.4780310094356537,0.48831701278686523,43090391,0.0,0.0
2025-09-09 00:00:00+00:00,0.48831701278686523,0.4902479946613312,0.4572570025920868,0.45926401019096375,45012594,0.0,0.0
2025-09-10 00:00:00+00:00,0.4592440128326416,0.4645389914512634,0.43733200430870056,0.44284701347351074,41823189,0.0,0.0
2025-09-11 00:00:00+00:00,0.44284701347351074,0.4659770131111145,0.44284701347351074,0.4659700095653534,32287400,0.0,0.0
2025-09-12 00:00:00+00:00,0.46597400307655334,0.4820060133934021,0.454912006855011,0.4775710105895996,31395242,0.0,0.0
2025-09-13 00:00:00+00:00,0.4775710105895996,0.4884659945964813,0.4672369956970215,0.4703890085220337,30380520,0.0,0.0
2025-09-14 00:00:00+00:00,0.4703890085220337,0.47715601325035095,0.45355600118637085,0.4586940109729767,28279797,0.0,0.0
2025-09-15 00:00:00+00:00,0.4586769938468933,0.46192100644111633,0.4264799952507019,0.4406589865684509,35053558,0.0,0.0
2025-09-16 00:00:00+00:00,0.4406589865684509,0.44111499190330505,0.4249890148639679,0.4379180073738098,33157459,0.0,0.0
2025-09-17 00:00:00+00:00,0.43791401386260986,0.4516420066356659,0.4280349910259247,0.44661200046539307,35855528,0.0,0.0
2025-09-18 00:00:00+00:00,0.44661200046539307,0.4606209993362427,0.4413119852542877,0.4450860023498535,33496066,0.0,0.0
2025-09-19 00:00:00+00:00,0.4450860023498535,0.44969800114631653,0.4240800142288208,0.42645299434661865,30981169,0.0,0.0
2025-09-20 00:00:00+00:00,0.42645299434661865,0.4341590106487274,0.42360401153564453,0.42869898676872253,19692356,0.0,0.0
2025-09-21 00:00:00+00:00,0.42869898676872253,0.43252798914909363,0.4202300012111664,0.4206010103225708,21771253,0.0,0.0
2025-09-22 00:00:00+00:00,0.42059698700904846,0.4222849905490875,0.39434298872947693,0.4069969952106476,42731538,0.0,0.0
2025-09-23 00:00:00+00:00,0.4069969952106476,0.4088970124721527,0.39609700441360474,0.4022969901561737,28199096,0.0,0.0
2025-09-24 00:00:00+00:00,0.4022969901561737,0.42149001359939575,0.39480701088905334,0.41020599007606506,29700755,0.0,0.0
2025-09-25 00:00:00+00:00,0.41020599007606506,0.41020599007606506,0.3730989992618561,0.3743250072002411,43450548,0.0,0.0
2025-09-26 00:00:00+00:00,0.3743250072002411,0.38917601108551025,0.37200799584388733,0.3883259892463684,26053023,0.0,0.0
2025-09-27 00:00:00+00:00,0.3883259892463684,0.3897179961204529,0.37489500641822815,0.3794510066509247,11370362,0.0,0.0
2025-09-28 00:00:00+00:00,0.3794510066509247,0.3913689851760864,0.369392991065979,0.39112499356269836,17562583,0.0,0.0
2025-09-29 00:00:00+00:00,0.3911210000514984,0.3959920108318329,0.37909600138664246,0.38958799839019775,22279476,0.0,0.0
2025-09-30 00:00:00+00:00,0.38958799839019775,0.3903859853744507,0.36763298511505127,0.3781929910182953,25824072,0.0,0.0
2025-10-01 00:00:00+00:00,0.3781929910182953,0.4088039994239807,0.3704560101032257,0.40687501430511475,28843877,0.0,0.0
2025-10-02 00:00:00+00:00,0.4068320095539093,0.41700801253318787,0.4011189937591553,0.4085899889469147,27494555,0.0,0.0
2025-10-03 00:00:00+00:00,0.4085899889469147,0.4326370060443878,0.39833900332450867,0.4234920144081116,35127742,0.0,0.0
2025-10-04 00:00:00+00:00,0.4234920144081116,0.42794400453567505,0.40367600321769714,0.4115830063819885,22917121,0.0,0.0
2025-10-05 00:00:00+00:00,0.41157498955726624,0.42897099256515503,0.40672099590301514,0.41047000885009766,27244843,0.0,0.0
2025-10-06 00:00:00+00:00,0.41047000885009766,0.4267430007457733,0.4046419858932495,0.4185810089111328,26574476,0.0,0.0
2025-10-07 00:00:00+00:00,0.4185810089111328,0.42423099279403687,0.39010700583457947,0.39013800024986267,28199933,0.0,0.0
2025-10-08 00:00:00+00:00,0.39013800024986267,0.41286998987197876,0.38750600814819336,0.40605801343917847,25248151,0.0,0.0
2025-10-09 00:00:00+00:00,0.40605801343917847,0.40783900022506714,0.3849180042743683,0.3909280002117157,24249348,0.0,0.0
2025-10-10 00:00:00+00:00,0.3909269869327545,0.40345901250839233,0.28123000264167786,0.336434006690979,89662396,0.0,0.0
2025-10-11 00:00:00+00:00,0.3364050090312958,0.3490000069141388,0.3209820091724396,0.3337689936161041,34383664,0.0,0.0
2025-10-12 00:00:00+00:00,0.3337689936161041,0.3808690011501312,0.3283520042896271,0.372749000787735,33223636,0.0,0.0
2025-10-13 00:00:00+00:00,0.3728579878807068,0.40976598858833313,0.36273300647735596,0.40545299649238586,36780849,0.0,0.0
2025-10-14 00:00:00+00:00,0.40546101331710815,0.45591801404953003,0.39297300577163696,0.45425599813461304,120026935,0.0,0.0
2025-10-15 00:00:00+00:00,0.45423001050949097,0.4632740020751953,0.4275229871273041,0.43087801337242126,82144376,0.0,0.0
2025-10-16 00:00:00+00:00,0.4308890104293823,0.43834999203681946,0.39323800802230835,0.40497198700904846,59905873,0.0,0.0
2025-10-17 00:00:00+00:00,0.4049679934978485,0.4166199862957001,0.36429500579833984,0.377142995595932,49978208,0.0,0.0
2025-10-18 00:00:00+00:00,0.37716901302337646,0.38435301184654236,0.36697301268577576,0.3686240017414093,17506843,0.0,0.0
2025-10-19 00:00:00+00:00,0.3686240017414093,0.3910129964351654,0.3638029992580414,0.3759300112724304,28656667,0.0,0.0
2025-10-20 00:00:00+00:00,0.3759390115737915,0.3881169855594635,0.3562380075454712,0.36054399609565735,28680418,0.0,0.0
2025-10-21 00:00:00+00:00,0.3607040047645569,0.3854619860649109,0.35009199380874634,0.3557339906692505,35857400,0.0,0.0
2025-10-22 00:00:00+00:00,0.3557339906692505,0.3572550117969513,0.3360329866409302,0.3475539982318878,29999991,0.0,0.0
2025-10-23 00:00:00+00:00,0.3475539982318878,0.37692099809646606,0.3466300070285797,0.3729209899902344,32967518,0.0,0.0
2025-10-24 00:00:00+00:00,0.3729209899902344,0.3852890133857727,0.36942800879478455,0.37641000747680664,25772740,0.0,0.0
2025-10-25 00:00:00+00:00,0.37641000747680664,0.39451199769973755,0.37456798553466797,0.3880150020122528,18380830,0.0,0.0
2025-10-26 00:00:00+00:00,0.38801100850105286,0.4038879871368408,0.38085100054740906,0.3981960117816925,22829063,0.0,0.0
2025-10-27 00:00:00+00:00,0.39820000529289246,0.40395599603652954,0.38148200511932373,0.38455599546432495,22227459,0.0,0.0
2025-10-28 00:00:00+00:00,0.38455599546432495,0.4027569890022278,0.3789040148258209,0.38872000575065613,31478358,0.0,0.0
2025-10-29 00:00:00+00:00,0.388714998960495,0.4459730088710785,0.3835799992084503,0.42411500215530396,60685295,0.0,0.0
2025-10-30 00:00:00+00:00,0.42411500215530396,0.4421600103378296,0.38450199365615845,0.4139910042285919,90682562,0.0,0.0
2025-10-31 00:00:00+00:00,0.413998007774353,0.44020000100135803,0.4133650064468384,0.4340200126171112,53861377,0.0,0.0
2025-11-01 00:00:00+00:00,0.4340200126171112,0.45959699153900146,0.4319159984588623,0.4571380019187927,34911493,0.0,0.0
2025-11-02 00:00:00+00:00,0.45695701241493225,0.46750399470329285,0.43122100830078125,0.4421840012073517,38412195,0.0,0.0
2025-11-03 00:00:00+00:00,0.44213199615478516,0.4421350061893463,0.40419599413871765,0.4078829884529114,47731170,0.0,0.0
2025-11-04 00:00:00+00:00,0.4078789949417114,0.4152669906616211,0.3443860113620758,0.3740389943122864,56886188,0.0,0.0
2025-11-05 00:00:00+00:00,0.37404799461364746,0.4310249984264374,0.357136994600296,0.4171319901943207,57766124,0.0,0.0
2025-11-06 00:00:00+00:00,0.4171319901943207,0.42585301399230957,0.39567500352859497,0.3985680043697357,47267990,0.0,0.0
2025-11-07 00:00:00+00:00,0.39856401085853577,0.4547420144081116,0.39177098870277405,0.44928300380706787,43570727,0.0,0.0
2025-11-08 00:00:00+00:00,0.4492909908294678,0.5005859732627869,0.44579899311065674,0.4555560052394867,89633204,0.0,0.0
2025-11-09 00:00:00+00:00,0.4555560052394867,0.4927879869937897,0.4350549876689911,0.4705759882926941,44505859,0.0,0.0
2025-11-10 00:00:00+00:00,0.47057199478149414,0.4955179989337921,0.45763298869132996,0.4665760099887848,56289876,0.0,0.0
2025-11-11 00:00:00+00:00,0.4665760099887848,0.4738300144672394,0.43105700612068176,0.435232013463974,36320108,0.0,0.0
2025-11-12 00:00:00+00:00,0.4352230131626129,0.4581809937953949,0.43515101075172424,0.43814998865127563,29439821,0.0,0.0
2025-11-13 00:00:00+00:00,0.43815499544143677,0.4780069887638092,0.43251800537109375,0.44864100217819214,57841760,0.0,0.0
2025-11-14 00:00:00+00:00,0.44864100217819214,0.484264999628067,0.4442029893398285,0.4486759901046753,85296816,0.0,0.0
2025-11-15 00:00:00+00:00,0.4482620060443878,0.46675199270248413,0.44195300340652466,0.4484429955482483,34663442,0.0,0.0
2025-11-16 00:00:00+00:00,0.4484429955482483,0.4834119975566864,0.43941500782966614,0.4414939880371094,62002499,0.0,0.0
2025-11-17 00:00:00+00:00,0.4414600133895874,0.45007699728012085,0.3815560042858124,0.38799500465393066,56745265,0.0,0.0
2025-11-18 00:00:00+00:00,0.38796600699424744,0.3913779854774475,0.3677769899368286,0.38979199528694153,38268994,0.0,0.0
2025-11-19 00:00:00+00:00,0.38979199528694153,0.3950439989566803,0.3501009941101074,0.36850398778915405,46423748,0.0,0.0
2025-11-20 00:00:00+00:00,0.3684459924697876,0.3709079921245575,0.3154729902744293,0.3155420124530792,42153562,0.0,0.0
2025-11-21 00:00:00+00:00,0.31555598974227905,0.31633898615837097,0.2715910077095032,0.2966260015964508,61621847,0.0,0.0
2025-11-22 00:00:00+00:00,0.29662200808525085,0.3032580018043518,0.28311100602149963,0.29629701375961304,27236772,0.0,0.0
2025-11-23 00:00:00+00:00,0.29629701375961304,0.3160879909992218,0.292385995388031,0.3046880066394806,27156990,0.0,0.0
2025-11-24 00:00:00+00:00,0.3046869933605194,0.310575008392334,0.29229000210762024,0.30698999762535095,21657813,0.0,0.0
2025-11-25 00:00:00+00:00,0.30698999762535095,0.31011199951171875,0.29076799750328064,0.2996880114078522,22856518,0.0,0.0
2025-11-26 00:00:00+00:00,0.29965099692344666,0.3070580065250397,0.28820300102233887,0.302713006734848,19563483,0.0,0.0
2025-11-27 00:00:00+00:00,0.3027009963989258,0.3051210045814514,0.28812798857688904,0.2888999879360199,20964339,0.0,0.0
2025-11-28 00:00:00+00:00,0.2888999879360199,0.2920509874820709,0.2676970064640045,0.2914929986000061,34150704,0.0,0.0
2025-11-29 00:00:00+00:00,0.2915019989013672,0.2921440005302429,0.26499098539352417,0.27140501141548157,23381638,0.0,0.0
2025-11-30 00:00:00+00:00,0.2713269889354706,0.2789280116558075,0.26479798555374146,0.273703008890152,18016643,0.0,0.0
2025-12-01 00:00:00+00:00,0.273703008890152,0.273703008890152,0.24414299428462982,0.24884699285030365,32538254,0.0,0.0
2025-12-02 00:00:00+00:00,0.24884699285030365,0.27542901039123535,0.2473369985818863,0.2533380091190338,27131852,0.0,0.0
2025-12-03 00:00:00+00:00,0.2533339858055115,0.2542789876461029,0.23799200356006622,0.24605999886989594,37999564,0.0,0.0
2025-12-04 00:00:00+00:00,0.24605600535869598,0.2714160084724426,0.23781700432300568,0.260235995054245,41906584,0.0,0.0
2025-12-05 00:00:00+00:00,0.26024898886680603,0.2809169888496399,0.2514190077781677,0.25752899050712585,47816435,0.0,0.0
2025-12-06 00:00:00+00:00,0.25752100348472595,0.2874619960784912,0.2550170123577118,0.2794550061225891,35005473,0.0,0.0
2025-12-07 00:00:00+00:00,0.27946099638938904,0.31265199184417725,0.2682969868183136,0.27013498544692993,61015955,0.0,0.0
2025-12-08 00:00:00+00:00,0.2701149880886078,0.2771590054035187,0.2582609951496124,0.2662059962749481,24265089,0.0,0.0
2025-12-09 00:00:00+00:00,0.2662059962749481,0.2795650064945221,0.26170098781585693,0.274370014667511,15603791,0.0,0.0
2025-12-10 00:00:00+00:00,0.274370014667511,0.2864690124988556,0.26977598667144775,0.27266401052474976,17894297,0.0,0.0
2025-12-11 00:00:00+00:00,0.2726629972457886,0.27987799048423767,0.2582539916038513,0.2695100009441376,32947270,0.0,0.0
2025-12-12 00:00:00+00:00,0.26950499415397644,0.28502801060676575,0.25371500849723816,0.26211199164390564,30380595,0.0,0.0
2025-12-13 00:00:00+00:00,0.26211199164390564,0.2740119993686676,0.26023998856544495,0.27223101258277893,15507933,0.0,0.0
2025-12-14 00:00:00+00:00,0.27223101258277893,0.28056800365448,0.2628119885921478,0.26322999596595764,19354067,0.0,0.0
2025-12-15 00:00:00+00:00,0.2632319927215576,0.27292200922966003,0.2542620003223419,0.26319199800491333,23278521,0.0,0.0
2025-12-16 00:00:00+00:00,0.26319199800491333,0.2716650068759918,0.2586590051651001,0.2696189880371094,20624863,0.0,0.0
2025-12-17 00:00:00+00:00,0.26965200901031494,0.2979449927806854,0.26487699151039124,0.27305498719215393,61264783,0.0,0.0
2025-12-18 00:00:00+00:00,0.27305901050567627,0.2902680039405823,0.27137601375579834,0.2727150022983551,35094399,0.0,0.0
2025-12-19 00:00:00+00:00,0.2727150022983551,0.3247610032558441,0.27150800824165344,0.3172059953212738,36498743,0.0,0.0
2025-12-20 00:00:00+00:00,0.31720200181007385,0.3293060064315796,0.3119480013847351,0.32451000809669495,24241477,0.0,0.0
2025-12-21 00:00:00+00:00,0.32451000809669495,0.3593289852142334,0.32109299302101135,0.3463149964809418,42094529,0.0,0.0
2025-12-22 00:00:00+00:00,0.34630298614501953,0.3545770049095154,0.3297620117664337,0.3315950036048889,26315400,0.0,0.0
2025-12-23 00:00:00+00:00,0.3315950036048889,0.3355419933795929,0.3128589987754822,0.31454798579216003,19499605,0.0,0.0
2025-12-24 00:00:00+00:00,0.3145439922809601,0.3185169994831085,0.30338001251220703,0.3081839978694916,11518236,0.0,0.0
2025-12-25 00:00:00+00:00,0.3081839978694916,0.3505699932575226,0.3074699938297272,0.33404800295829773,23552405,0.0,0.0
2025-12-26 00:00:00+00:00,0.3340570032596588,0.3447189927101135,0.32370901107788086,0.33958899974823,21736708,0.0,0.0
2025-12-27 00:00:00+00:00,0.33958899974823,0.34488800168037415,0.3324640095233917,0.3371660113334656,14726844,0.0,0.0
2025-12-28 00:00:00+00:00,0.3371700048446655,0.3371700048446655,0.3211570084095001,0.3255639970302582,13544652,0.0,0.0
2025-12-29 00:00:00+00:00,0.3255639970302582,0.3356580138206482,0.31311699748039246,0.31595098972320557,17224312,0.0,0.0
2025-12-30 00:00:00+00:00,0.31595098972320557,0.32780900597572327,0.31073498725891113,0.3253290057182312,16454280,0.0,0.0
2025-12-31 00:00:00+00:00,0.3253290057182312,0.33522799611091614,0.31783899664878845,0.32137200236320496,18720966,0.0,0.0
2026-01-01 00:00:00+00:00,0.32137200236320496,0.37304601073265076,0.3182860016822815,0.37063300609588623,40740373,0.0,0.0
2026-01-02 00:00:00+00:00,0.3706420063972473,0.3715420067310333,0.3578459918498993,0.3675369918346405,24785095,0.0,0.0
2026-01-03 00:00:00+00:00,0.3675369918346405,0.3686720132827759,0.35114800930023193,0.3658199906349182,18050812,0.0,0.0
2026-01-04 00:00:00+00:00,0.3658199906349182,0.3782930076122284,0.35628101229667664,0.37300100922584534,18148569,0.0,0.0
2026-01-05 00:00:00+00:00,0.37297898530960083,0.3811520040035248,0.3501720130443573,0.37759798765182495,25896736,0.0,0.0
2026-01-06 00:00:00+00:00,0.37759798765182495,0.4008040130138397,0.37461599707603455,0.3895449936389923,30742193,0.0,0.0
2026-01-07 00:00:00+00:00,0.3895449936389923,0.3895910084247589,0.35462599992752075,0.37741899490356445,16436380,0.0,0.0
2026-01-08 00:00:00+00:00,0.3775080144405365,0.38577398657798767,0.3587310016155243,0.38457199931144714,24033364,0.0,0.0
2026-01-09 00:00:00+00:00,0.3845770061016083,0.4003179967403412,0.38016700744628906,0.38779398798942566,26033827,0.0,0.0
2026-01-10 00:00:00+00:00,0.3879050016403198,0.39994698762893677,0.3808319866657257,0.3951750099658966,16202178,0.0,0.0
2026-01-11 00:00:00+00:00,0.3951750099658966,0.40388599038124084,0.39290499687194824,0.39949798583984375,14241525,0.0,0.0
2026-01-12 00:00:00+00:00,0.39949798583984375,0.4070279896259308,0.38328999280929565,0.3888919949531555,20540884,0.0,0.0
2026-01-13 00:00:00+00:00,0.38889700174331665,0.406033992767334,0.3825809955596924,0.3975279927253723,21525264,0.0,0.0
2026-01-14 00:00:00+00:00,0.39752399921417236,0.41263699531555176,0.38356301188468933,0.3895370066165924,22564241,0.0,0.0
2026-01-15 00:00:00+00:00,0.38954201340675354,0.3956640064716339,0.3702169954776764,0.3757590055465698,19663715,0.0,0.0
2026-01-16 00:00:00+00:00,0.3757590055465698,0.3767490088939667,0.3394849896430969,0.3617570102214813,32558280,0.0,0.0
2026-01-17 00:00:00+00:00,0.36176198720932007,0.3691830039024353,0.3579599857330322,0.36531099677085876,15152022,0.0,0.0
2026-01-18 00:00:00+00:00,0.36531099677085876,0.36555200815200806,0.3477430045604706,0.34775298833847046,10703270,0.0,0.0
2026-01-19 00:00:00+00:00,0.3477720022201538,0.362064003944397,0.3389120101928711,0.35689499974250793,20053212,0.0,0.0
2026-01-20 00:00:00+00:00,0.35689499974250793,0.37272000312805176,0.32591700553894043,0.3292129933834076,27503265,0.0,0.0
2026-01-21 00:00:00+00:00,0.3292129933834076,0.3451780080795288,0.31004399061203003,0.3352360129356384,31723744,0.0,0.0
2026-01-22 00:00:00+00:00,0.3352360129356384,0.357574999332428,0.32886001467704773,0.3319399952888489,128794281,0.0,0.0
2026-01-23 00:00:00+00:00,0.3319399952888489,0.33533599972724915,0.3187449872493744,0.3245820105075836,20451475,0.0,0.0
2026-01-24 00:00:00+00:00,0.3245770037174225,0.3350679874420166,0.3234359920024872,0.3312529921531677,13346542,0.0,0.0
2026-01-25 00:00:00+00:00,0.3312529921531677,0.33820998668670654,0.3070879876613617,0.3082579970359802,12701592,0.0,0.0
2026-01-26 00:00:00+00:00,0.3082689940929413,0.3432599902153015,0.306302011013031,0.3407459855079651,21076296,0.0,0.0
2026-01-27 00:00:00+00:00,0.34072598814964294,0.34466999769210815,0.3320290148258209,0.3426060080528259,11897169,0.0,0.0
2026-01-28 00:00:00+00:00,0.34261101484298706,0.36386701464653015,0.3383930027484894,0.35352200269699097,19483050,0.0,0.0
2026-01-29 00:00:00+00:00,0.35352399945259094,0.35733601450920105,0.3293420076370239,0.3460490107536316,23883611,0.0,0.0
2026-01-30 00:00:00+00:00,0.3460490107536316,0.3491309881210327,0.3245669901371002,0.33030399680137634,18826593,0.0,0.0
2026-01-31 00:00:00+00:00,0.33030399680137634,0.3310520052909851,0.2819499969482422,0.30594000220298767,21965202,0.0,0.0
2026-02-01 00:00:00+00:00,0.30600300431251526,0.3097139894962311,0.28646400570869446,0.2926810085773468,17396435,0.0,0.0
2026-02-02 00:00:00+00:00,0.2926580011844635,0.3017899990081787,0.2787199914455414,0.29698100686073303,21898433,0.0,0.0
2026-02-03 00:00:00+00:00,0.29698100686073303,0.31695500016212463,0.289698988199234,0.3053179979324341,24134944,0.0,0.0
2026-02-04 00:00:00+00:00,0.3053179979324341,0.31740400195121765,0.28908199071884155,0.2979640066623688,22520410,0.0,0.0
2026-02-05 00:00:00+00:00,0.2979640066623688,0.29853400588035583,0.25192999839782715,0.25502699613571167,26201740,0.0,0.0
2026-02-06 00:00:00+00:00,0.25502198934555054,0.28647899627685547,0.23879200220108032,0.28256499767303467,24983513,0.0,0.0
2026-02-07 00:00:00+00:00,0.28256499767303467,0.2875770032405853,0.2697159945964813,0.28014901280403137,18669528,0.0,0.0
2026-02-08 00:00:00+00:00,0.28014901280403137,0.2904750108718872,0.2746250033378601,0.2800619900226593,11946040,0.0,0.0
2026-02-09 00:00:00+00:00,0.2800599932670593,0.29010099172592163,0.2668749988079071,0.2811340093612671,14620917,0.0,0.0
2026-02-10 00:00:00+00:00,0.2811340093612671,0.2828960120677948,0.27265000343322754,0.2734510004520416,7769788,0.0,0.0
2026-02-11 00:00:00+00:00,0.2734510004520416,0.2798500061035156,0.261106014251709,0.2668899893760681,12884240,0.0,0.0
2026-02-12 00:00:00+00:00,0.2668899893760681,0.27010899782180786,0.2599419951438904,0.26759299635887146,12030496,0.0,0.0
2026-02-13 00:00:00+00:00,0.26759299635887146,0.2845419943332672,0.2648429870605469,0.27675899863243103,9940097,0.0,0.0
2026-02-14 00:00:00+00:00,0.27675899863243103,0.28657999634742737,0.2738029956817627,0.28421899676322937,9626297,0.0,0.0
2026-02-15 00:00:00+00:00,0.28421899676322937,0.28422001004219055,0.2603580057621002,0.26290398836135864,9599539,0.0,0.0
2026-02-16 00:00:00+00:00,0.26290398836135864,0.26413899660110474,0.24126499891281128,0.25168201327323914,13340631,0.0,0.0
2026-02-17 00:00:00+00:00,0.2516860067844391,0.2568950057029724,0.24006900191307068,0.2445710003376007,13329339,0.0,0.0
2026-02-18 00:00:00+00:00,0.2445710003376007,0.24774600565433502,0.23356999456882477,0.23451100289821625,12128427,0.0,0.0
2026-02-19 00:00:00+00:00,0.23450200259685516,0.2364100068807602,0.22473399341106415,0.22812700271606445,10485168,0.0,0.0
2026-02-20 00:00:00+00:00,0.2281319946050644,0.23224599659442902,0.22044099867343903,0.22783799469470978,11157103,0.0,0.0
2026-02-21 00:00:00+00:00,0.22783799469470978,0.2369070053100586,0.2252880036830902,0.23085099458694458,8192315,0.0,0.0
2026-02-22 00:00:00+00:00,0.2308560013771057,0.23128099739551544,0.2197279930114746,0.22112500667572021,6851865,0.0,0.0
2026-02-23 00:00:00+00:00,0.22112500667572021,0.2214290052652359,0.20211300253868103,0.20636099576950073,11859741,0.0,0.0
2026-02-24 00:00:00+00:00,0.20636099576950073,0.21008799970149994,0.19419999420642853,0.21008799970149994,12070926,0.0,0.0
2026-02-25 00:00:00+00:00,0.210098996758461,0.23864500224590302,0.2098959982395172,0.23040300607681274,32749547,0.0,0.0
2026-02-26 00:00:00+00:00,0.2304060012102127,0.24521900713443756,0.23032499849796295,0.24221600592136383,31025832,0.0,0.0
2026-02-27 00:00:00+00:00,0.24211399257183075,0.24433599412441254,0.22710800170898438,0.23282499611377716,13277860,0.0,0.0
2026-02-28 00:00:00+00:00,0.23282499611377716,0.23285600543022156,0.21018600463867188,0.22762499749660492,14502977,0.0,0.0
2026-03-01 00:00:00+00:00,0.22762499749660492,0.24374400079250336,0.2243019938468933,0.23120300471782684,18979783,0.0,0.0
2026-03-02 00:00:00+00:00,0.23120300471782684,0.24403800070285797,0.22824400663375854,0.2370389997959137,11079068,0.0,0.0
2026-03-03 00:00:00+00:00,0.23706699907779694,0.23707400262355804,0.2278590053319931,0.2292100042104721,9865432,0.0,0.0
2026-03-04 00:00:00+00:00,0.22920599579811096,0.25060299038887024,0.22463800013065338,0.24590200185775757,12223633,0.0,0.0
2026-03-05 00:00:00+00:00,0.24590200185775757,0.24595600366592407,0.2351910024881363,0.23935599625110626,11210643,0.0,0.0
2026-03-06 00:00:00+00:00,0.2393060028553009,0.24424999952316284,0.22321100533008575,0.22861699759960175,12265426,0.0,0.0
2026-03-07 00:00:00+00:00,0.22861699759960175,0.23700399696826935,0.22141900658607483,0.22204500436782837,9769014,0.0,0.0
2026-03-08 00:00:00+00:00,0.22204500436782837,0.22324399650096893,0.21631799638271332,0.21744899451732635,8774937,0.0,0.0
2026-03-09 00:00:00+00:00,0.21744899451732635,0.23036299645900726,0.21621400117874146,0.22187300026416779,9432121,0.0,0.0
2026-03-10 00:00:00+00:00,0.22187300026416779,0.23274999856948853,0.2217860072851181,0.22564400732517242,10164562,0.0,0.0
2026-03-11 00:00:00+00:00,0.22564400732517242,0.23289799690246582,0.22200800478458405,0.23286500573158264,7402033,0.0,0.0
2026-03-12 00:00:00+00:00,0.23286500573158264,0.2521379888057709,0.22844000160694122,0.24630899727344513,23301442,0.0,0.0
2026-03-13 00:00:00+00:00,0.24630899727344513,0.2612389922142029,0.24603700637817383,0.2549760043621063,19931386,0.0,0.0
2026-03-14 00:00:00+00:00,0.25498101115226746,0.2659839987754822,0.2514509856700897,0.26377901434898376,14196135,0.0,0.0
2026-03-15 00:00:00+00:00,0.2637290060520172,0.2751309871673584,0.2581090033054352,0.264041006565094,16529741,0.0,0.0
2026-03-16 00:00:00+00:00,0.2640939950942993,0.2750360071659088,0.2590929865837097,0.272258996963501,14530295,0.0,0.0
2026-03-17 00:00:00+00:00,0.272258996963501,0.2772809863090515,0.2583700120449066,0.2586449980735779,14713237,0.0,0.0
2026-03-18 00:00:00+00:00,0.25867798924446106,0.25901100039482117,0.23892800509929657,0.24093300104141235,13308108,0.0,0.0
2026-03-19 00:00:00+00:00,0.24093300104141235,0.2501870095729828,0.23804500699043274,0.24264200031757355,9269577,0.0,0.0
2026-03-20 00:00:00+00:00,0.24261599779129028,0.24898099899291992,0.23625899851322174,0.23806899785995483,13896223,0.0,0.0
2026-03-21 00:00:00+00:00,0.23806899785995483,0.24061499536037445,0.2343980073928833,0.2343990057706833,4678533,0.0,0.0
2026-03-22 00:00:00+00:00,0.23429499566555023,0.23482200503349304,0.22850699722766876,0.22855399549007416,5419364,0.0,0.0
2026-03-23 00:00:00+00:00,0.22855399549007416,0.236285001039505,0.22550800442695618,0.23367999494075775,10066464,0.0,0.0
2026-03-24 00:00:00+00:00,0.23367999494075775,0.23438400030136108,0.22978900372982025,0.23361100256443024,7126199,0.0,0.0
2026-03-25 00:00:00+00:00,0.23361100256443024,0.2384359985589981,0.2322009950876236,0.2346470057964325,7936996,0.0,0.0
2026-03-26 00:00:00+00:00,0.2346470057964325,0.23467500507831573,0.21847699582576752,0.21851199865341187,8268559,0.0,0.0
2026-03-27 00:00:00+00:00,0.21850700676441193,0.2213740050792694,0.20502600073814392,0.206277996301651,8362886,0.0,0.0
2026-03-28 00:00:00+00:00,0.20626799762248993,0.21088899672031403,0.20006999373435974,0.20594899356365204,8201062,0.0,0.0
2026-03-29 00:00:00+00:00,0.20594899356365204,0.20594899356365204,0.19795699417591095,0.19968600571155548,5290501,0.0,0.0
2026-03-30 00:00:00+00:00,0.19968600571155548,0.21016399562358856,0.19956399500370026,0.20070399343967438,5723331,0.0,0.0
2026-03-31 00:00:00+00:00,0.20070800185203552,0.20649799704551697,0.19731800258159637,0.20613299310207367,9147326,0.0,0.0
2026-04-01 00:00:00+00:00,0.20613299310207367,0.21489399671554565,0.205485001206398,0.21161599457263947,11081760,0.0,0.0
2026-04-02 00:00:00+00:00,0.21161599457263947,0.21335400640964508,0.20476000010967255,0.209865003824234,6374872,0.0,0.0
2026-04-03 00:00:00+00:00,0.209865003824234,0.20993399620056152,0.20383299887180328,0.2068450003862381,6077309,0.0,0.0
2026-04-04 00:00:00+00:00,0.2068450003862381,0.20876799523830414,0.20537500083446503,0.20771999657154083,2880003,0.0,0.0
2026-04-05 00:00:00+00:00,0.20771999657154083,0.20843400061130524,0.20232799649238586,0.20811399817466736,3196860,0.0,0.0
2026-04-06 00:00:00+00:00,0.20811399817466736,0.2215149998664856,0.2081100046634674,0.21741999685764313,11385051,0.0,0.0
2026-04-07 00:00:00+00:00,0.2174070030450821,0.2260809987783432,0.21311700344085693,0.22482800483703613,10857565,0.0,0.0
2026-04-08 00:00:00+00:00,0.22477400302886963,0.23806500434875488,0.2209790050983429,0.23796899616718292,14953560,0.0,0.0
2026-04-09 00:00:00+00:00,0.23797999322414398,0.2443149983882904,0.23212400078773499,0.23231400549411774,18053387,0.0,0.0
2026-04-10 00:00:00+00:00,0.23231400549411774,0.23764100670814514,0.22964100539684296,0.2313150018453598,9112320,0.0,0.0
2026-04-11 00:00:00+00:00,0.2313150018453598,0.23852099478244781,0.229994997382164,0.23635900020599365,7611467,0.0,0.0
2026-04-12 00:00:00+00:00,0.23635900020599365,0.23635900020599365,0.22622600197792053,0.22731299698352814,5719683,0.0,0.0
2026-04-13 00:00:00+00:00,0.22731299698352814,0.23694700002670288,0.2251030057668686,0.23413999378681183,11833793,0.0,0.0
2026-04-14 00:00:00+00:00,0.23413999378681183,0.23413999378681183,0.21726100146770477,0.2198369950056076,14758633,0.0,0.0
2026-04-15 00:00:00+00:00,0.2198369950056076,0.2306089997291565,0.217849001288414,0.22936899960041046,7520131,0.0,0.0
2026-04-16 00:00:00+00:00,0.22936899960041046,0.24322399497032166,0.22512699663639069,0.24317699670791626,11358642,0.0,0.0
2026-04-17 00:00:00+00:00,0.24317699670791626,0.24939599633216858,0.23943400382995605,0.2459689974784851,15385140,0.0,0.0
2026-04-18 00:00:00+00:00,0.2459689974784851,0.250124990940094,0.2396160066127777,0.24125799536705017,7668237,0.0,0.0
2026-04-19 00:00:00+00:00,0.24125799536705017,0.24128800630569458,0.22553400695323944,0.22631800174713135,9117278,0.0,0.0
2026-04-20 00:00:00+00:00,0.22631800174713135,0.23206500709056854,0.22605499625205994,0.22833199799060822,8727532,0.0,0.0
2026-04-21 00:00:00+00:00,0.22833199799060822,0.23454399406909943,0.22691099345684052,0.2309339940547943,6198045,0.0,0.0
2026-04-22 00:00:00+00:00,0.2309339940547943,0.23884400725364685,0.22822900116443634,0.22849300503730774,9413872,0.0,0.0
2026-04-23 00:00:00+00:00,0.22849300503730774,0.23349900543689728,0.2245579957962036,0.22989000380039215,6309454,0.0,0.0
2026-04-24 00:00:00+00:00,0.22989000380039215,0.23810499906539917,0.22906500101089478,0.23460400104522705,8489485,0.0,0.0
2026-04-25 00:00:00+00:00,0.23460400104522705,0.24394099414348602,0.23450300097465515,0.2391110062599182,9228880,0.0,0.0
2026-04-26 00:00:00+00:00,0.2391110062599182,0.25817999243736267,0.23846599459648132,0.2521840035915375,28393994,0.0,0.0
2026-04-27 00:00:00+00:00,0.2521840035915375,0.2541770040988922,0.24203500151634216,0.24462799727916718,9125787,0.0,0.0
2026-04-28 00:00:00+00:00,0.24462799727916718,0.24917300045490265,0.23901399970054626,0.24457299709320068,8936096,0.0,0.0
2026-04-29 00:00:00+00:00,0.24457299709320068,0.2500289976596832,0.2327830046415329,0.23840799927711487,6706767,0.0,0.0
2026-04-30 00:00:00+00:00,0.23840799927711487,0.24146200716495514,0.23687000572681427,0.23814800381660461,5165563,0.0,0.0
2026-05-01 00:00:00+00:00,0.23814000189304352,0.2496200054883957,0.23753100633621216,0.24483299255371094,7242814,0.0,0.0
2026-05-02 00:00:00+00:00,0.24483299255371094,0.25084200501441956,0.242125004529953,0.24800799787044525,4609300,0.0,0.0
2026-05-03 00:00:00+00:00,0.24800799787044525,0.25236600637435913,0.24376100301742554,0.24936500191688538,4363129,0.0,0.0
2026-05-04 00:00:00+00:00,0.24936500191688538,0.2549149990081787,0.24695900082588196,0.25068598985671997,8428628,0.0,0.0
2026-05-05 00:00:00+00:00,0.25068199634552,0.25936999917030334,0.2503809928894043,0.25635001063346863,10518297,0.0,0.0
2026-05-06 00:00:00+00:00,0.2563549876213074,0.25849398970603943,0.24803200364112854,0.2504040002822876,12304345,0.0,0.0
2026-05-07 00:00:00+00:00,0.25040000677108765,0.2504119873046875,0.23966699838638306,0.24186399579048157,13137923,0.0,0.0
2026-05-08 00:00:00+00:00,0.24186399579048157,0.2555350065231323,0.24091899394989014,0.2538909912109375,17009428,0.0,0.0
2026-05-09 00:00:00+00:00,0.2538909912109375,0.261588990688324,0.2525300085544586,0.2540000081062317,10739631,0.0,0.0
2026-05-10 00:00:00+00:00,0.2540000081062317,0.2618210017681122,0.2505129873752594,0.25750499963760376,10289865,0.0,0.0
2026-05-11 00:00:00+00:00,0.25750499963760376,0.25760000944137573,0.24748100340366364,0.25442400574684143,10121540,0.0,0.0
2026-05-12 00:00:00+00:00,0.25442400574684143,0.25451600551605225,0.2414660006761551,0.24235899746418,7924979,0.0,0.0
2026-05-13 00:00:00+00:00,0.2423650026321411,0.2489279955625534,0.2299399971961975,0.23252299427986145,8319172,0.0,0.0
2026-05-14 00:00:00+00:00,0.23252299427986145,0.24335500597953796,0.2288299947977066,0.2387399971485138,8040083,0.0,0.0
2026-05-15 00:00:00+00:00,0.2387399971485138,0.24066199362277985,0.2217170000076294,0.22452600300312042,12590558,0.0,0.0
2026-05-16 00:00:00+00:00,0.22453099489212036,0.22632700204849243,0.21389000117778778,0.2154970020055771,6281840,0.0,0.0
2026-05-17 00:00:00+00:00,0.2154970020055771,0.21716900169849396,0.2049490064382553,0.20706400275230408,6043062,0.0,0.0
2026-05-18 00:00:00+00:00,0.20705899596214294,0.2137729972600937,0.20541700720787048,0.2096640020608902,8193871,0.0,0.0
2026-05-19 00:00:00+00:00,0.2096640020608902,0.21431900560855865,0.20761600136756897,0.2091200053691864,6050686,0.0,0.0
2026-05-20 00:00:00+00:00,0.20911599695682526,0.2126999944448471,0.20379799604415894,0.2060379981994629,7854170,0.0,0.0
2026-05-21 00:00:00+00:00,0.2060379981994629,0.2107740044593811,0.19955399632453918,0.20661400258541107,16888841,0.0,0.0
2026-05-22 00:00:00+00:00,0.20661400258541107,0.2147279977798462,0.1993730068206787,0.19978800415992737,26564928,0.0,0.0
2026-05-23 00:00:00+00:00,0.19978800415992737,0.20350100100040436,0.18896499276161194,0.19978100061416626,11673645,0.0,0.0
2026-05-24 00:00:00+00:00,0.19978100061416626,0.20327499508857727,0.18902699649333954,0.19124899804592133,7520907,0.0,0.0
2026-05-25 00:00:00+00:00,0.19124899804592133,0.2087019979953766,0.19012300670146942,0.20066699385643005,19562970,0.0,0.0
2026-05-26 00:00:00+00:00,0.20066699385643005,0.20334400236606598,0.19313600659370422,0.19499200582504272,22848840,0.0,0.0
2026-05-27 00:00:00+00:00,0.19499200582504272,0.1953130066394806,0.17481400072574615,0.17638100683689117,28839566,0.0,0.0
2026-05-28 00:00:00+00:00,0.1763720065355301,0.17990699410438538,0.1603109985589981,0.16304899752140045,25700419,0.0,0.0
2026-05-29 00:00:00+00:00,0.16304899752140045,0.165803000330925,0.15583199262619019,0.16390599310398102,29438001,0.0,0.0
2026-05-30 00:00:00+00:00,0.16390599310398102,0.16566599905490875,0.15652300417423248,0.15918900072574615,16408755,0.0,0.0
2026-05-31 00:00:00+00:00,0.15918900072574615,0.16234399378299713,0.1537030041217804,0.15734200179576874,13937429,0.0,0.0
2026-06-01 00:00:00+00:00,0.15734200179576874,0.1602489948272705,0.1461160033941269,0.15460099279880524,27567277,0.0,0.0
2026-06-02 00:00:00+00:00,0.15462499856948853,0.15533199906349182,0.13473699986934662,0.1360359936952591,32453376,0.0,0.0
2026-06-03 00:00:00+00:00,0.1360359936952591,0.14771200716495514,0.13595500588417053,0.1398870050907135,34691087,0.0,0.0
2026-06-04 00:00:00+00:00,0.1398870050907135,0.1508290022611618,0.1338379979133606,0.13684199750423431,51673476,0.0,0.0
2026-06-05 00:00:00+00:00,0.13684199750423431,0.13735300302505493,0.11827199906110764,0.12549099326133728,13381548,0.0,0.0
2026-06-06 00:00:00+00:00,0.12549099326133728,0.13116799294948578,0.12057200074195862,0.13097600638866425,9174307,0.0,0.0
2026-06-07 00:00:00+00:00,0.13097600638866425,0.13281799852848053,0.1265539973974228,0.13078400492668152,7918463,0.0,0.0
2026-06-08 00:00:00+00:00,0.13078400492668152,0.13407599925994873,0.12842999398708344,0.13054600358009338,6266516,0.0,0.0
2026-06-09 00:00:00+00:00,0.13054600358009338,0.1311900019645691,0.12401899695396423,0.13026699423789978,6524301,0.0,0.0
2026-06-10 00:00:00+00:00,0.13026699423789978,0.13367100059986115,0.1274999976158142,0.1300159990787506,8046264,0.0,0.0
2026-06-11 00:00:00+00:00,0.1300159990787506,0.13498200476169586,0.12988199293613434,0.13359199464321136,6760498,0.0,0.0
2026-06-12 00:00:00+00:00,0.13359199464321136,0.13384099304676056,0.13013499975204468,0.13038499653339386,7236213,0.0,0.0
2026-06-13 00:00:00+00:00,0.13038499653339386,0.13239000737667084,0.12975700199604034,0.1310659945011139,5549592,0.0,0.0
2026-06-14 00:00:00+00:00,0.1310659945011139,0.144569993019104,0.13042600452899933,0.14350000023841858,12420500,0.0,0.0
2026-06-15 00:00:00+00:00,0.14349600672721863,0.14601600170135498,0.13894100487232208,0.14463399350643158,10350309,0.0,0.0
2026-06-16 00:00:00+00:00,0.14463399350643158,0.14541999995708466,0.1376889944076538,0.14302800595760345,6272527,0.0,0.0
2026-06-17 00:00:00+00:00,0.1430329978466034,0.14869700372219086,0.13918499648571014,0.14155399799346924,8411966,0.0,0.0
2026-06-18 00:00:00+00:00,0.14155399799346924,0.1431339979171753,0.13451799750328064,0.13585300743579865,7513333,0.0,0.0
2026-06-19 00:00:00+00:00,0.13585300743579865,0.13718900084495544,0.1344819962978363,0.13492700457572937,4507383,0.0,0.0
2026-06-20 00:00:00+00:00,0.13492700457572937,0.13839800655841827,0.13450199365615845,0.13696500658988953,4303471,0.0,0.0
2026-06-21 00:00:00+00:00,0.13696500658988953,0.1382869929075241,0.13359099626541138,0.13359899818897247,3012127,0.0,0.0
2026-06-22 00:00:00+00:00,0.13359899818897247,0.14265300333499908,0.13346700370311737,0.14056499302387238,7921547,0.0,0.0
2026-06-23 00:00:00+00:00,0.14056499302387238,0.14093799889087677,0.13179799914360046,0.1320669949054718,4968674,0.0,0.0
2026-06-24 00:00:00+00:00,0.1320669949054718,0.13284799456596375,0.11858399957418442,0.12570999562740326,17089004,0.0,0.0
2026-06-25 00:00:00+00:00,0.12570999562740326,0.1304669976234436,0.11779899895191193,0.12114699929952621,20186895,0.0,0.0
2026-06-26 00:00:00+00:00,0.12114699929952621,0.13715599477291107,0.11380600184202194,0.13330499827861786,25823328,0.0,0.0
2026-06-27 00:00:00+00:00,0.13330599665641785,0.1592710018157959,0.13326799869537354,0.14232200384140015,63614608,0.0,0.0
2026-06-28 00:00:00+00:00,0.14232200384140015,0.15216000378131866,0.13558200001716614,0.1383109986782074,20966091,0.0,0.0
2026-06-29 00:00:00+00:00,0.1383109986782074,0.1483139991760254,0.13500100374221802,0.1437080055475235,23354508,0.0,0.0
2026-06-30 00:00:00+00:00,0.1437080055475235,0.14687000215053558,0.13371799886226654,0.13619500398635864,18767043,0.0,0.0
2026-07-01 00:00:00+00:00,0.13619500398635864,0.15211500227451324,0.13533499836921692,0.14961400628089905,23047603,0.0,0.0
2026-07-02 00:00:00+00:00,0.14959800243377686,0.16232499480247498,0.14949700236320496,0.15726900100708008,21679207,0.0,0.0
2026-07-03 00:00:00+00:00,0.15726900100708008,0.16081899404525757,0.15407699346542358,0.15753799676895142,9595603,0.0,0.0
2026-07-04 00:00:00+00:00,0.15753799676895142,0.16526199877262115,0.15595799684524536,0.16023699939250946,13135099,0.0,0.0
2026-07-05 00:00:00+00:00,0.16023600101470947,0.16939100623130798,0.15636800229549408,0.16742800176143646,13501564,0.0,0.0
2026-07-06 00:00:00+00:00,0.16742800176143646,0.17590700089931488,0.15942299365997314,0.17581899464130402,19273990,0.0,0.0
2026-07-07 00:00:00+00:00,0.17581899464130402,0.17726600170135498,0.1716350018978119,0.17541900277137756,23267420,0.0,0.0
2026-07-08 00:00:00+00:00,0.17541900277137756,0.18284200131893158,0.15932700037956238,0.166703999042511,27409017,0.0,0.0
2026-07-09 00:00:00+00:00,0.16670000553131104,0.16745500266551971,0.1568949967622757,0.1622689962387085,18264550,0.0,0.0
2026-07-10 00:00:00+00:00,0.1622689962387085,0.1913589984178543,0.1605370044708252,0.18608300387859344,43724947,0.0,0.0
2026-07-11 00:00:00+00:00,0.1860630065202713,0.1977050006389618,0.18167799711227417,0.19144800305366516,19465455,0.0,0.0
2026-07-12 00:00:00+00:00,0.19144999980926514,0.19230499863624573,0.18654899299144745,0.18891899287700653,11644419,0.0,0.0
2026-07-13 00:00:00+00:00,0.18891899287700653,0.1917939931154251,0.1818239986896515,0.18909400701522827,16723442,0.0,0.0
2026-07-14 00:00:00+00:00,0.18909800052642822,0.1969970017671585,0.18012699484825134,0.19120000302791595,19713074,0.0,0.0
2026-07-15 00:00:00+00:00,0.19120100140571594,0.1921280026435852,0.1830510050058365,0.1899069994688034,16918604,0.0,0.0
2026-07-16 00:00:00+00:00,0.1899069994688034,0.20343099534511566,0.18396900594234467,0.18397699296474457,21664925,0.0,0.0
2026-07-17 00:00:00+00:00,0.18397699296474457,0.18709099292755127,0.17643600702285767,0.18551500141620636,10504942,0.0,0.0
2026-07-18 00:00:00+00:00,0.18551500141620636,0.18623100221157074,0.17612199485301971,0.1778549998998642,6675616,0.0,0.0
2026-07-19 00:00:00+00:00,0.1778549998998642,0.18518699705600739,0.17685000598430634,0.18008099496364594,7331731,0.0,0.0
2026-07-20 00:00:00+00:00,0.18007999658584595,0.19067400693893433,0.17782999575138092,0.18876799941062927,9258663,0.0,0.0
2026-07-21 00:00:00+00:00,0.18876799941062927,0.19315500557422638,0.1822820007801056,0.1829340010881424,12406395,0.0,0.0
2026-07-22 00:00:00+00:00,0.18293899297714233,0.18391500413417816,0.17878000438213348,0.180417999625206,7889659,0.0,0.0
2026-07-23 00:00:00+00:00,0.180417999625206,0.18310299515724182,0.1767289936542511,0.17763100564479828,7408845,0.0,0.0
2026-07-24 00:00:00+00:00,0.1776289939880371,0.18018199503421783,0.1705390065908432,0.17215600609779358,6605628,0.0,0.0
2026-07-25 00:00:00+00:00,0.17215700447559357,0.17517299950122833,0.17092899978160858,0.17099200189113617,5058055,0.0,0.0
2026-07-26 00:00:00+00:00,0.17099200189113617,0.1745540052652359,0.17046500742435455,0.17428000271320343,4841002,0.0,0.0
2026-07-27 00:00:00+00:00,0.17428100109100342,0.17441800236701965,0.1646459996700287,0.16691899299621582,7478319,0.0,0.0
2026-07-28 00:00:00+00:00,0.16693300008773804,0.17039799690246582,0.16447000205516815,0.1668429970741272,6566303,0.0,0.0
2026-07-29 00:00:00+00:00,0.16684399545192719,0.1705860048532486,0.16216599941253662,0.16537100076675415,9324065,0.0,0.0
2026-07-30 00:00:00+00:00,0.16537199914455414,0.16565899550914764,0.15975600481033325,0.16309300065040588,5681685,0.0,0.0
2026-07-31 00:00:00+00:00,0.16309399902820587,0.1654520034790039,0.15790900588035583,0.15878599882125854,6034916,0.0,0.0
2026-08-01 00:00:00+00:00,0.15878599882125854,0.16160699725151062,0.15502500534057617,0.1562819927930832,3396061,0.0,0.0
2026-08-02 00:00:00+00:00,0.1562819927930832,0.15710300207138062,0.15298299491405487,0.15471599996089935,4287805,0.0,0.0
2026-08-03 00:00:00+00:00,0.1547050029039383,0.15843699872493744,0.1524370014667511,0.1578720062971115,4910562,0.0,0.0
2026-08-04 00:00:00+00:00,0.1578720062971115,0.16050100326538086,0.15329299867153168,0.1559849977493286,5173801,0.0,0.0
2026-08-05 00:00:00+00:00,0.1559849977493286,0.16371500492095947,0.15477700531482697,0.1604280024766922,7526858,0.0,0.0
2026-08-06 00:00:00+00:00,0.1604280024766922,0.1605300009250641,0.1516059935092926,0.15270699560642242,5055444,0.0,0.0
2026-08-07 00:00:00+00:00,0.15270699560642242,0.1539209932088852,0.15028099715709686,0.15028099715709686,3600653,0.0,0.0
2026-08-08 00:00:00+00:00,0.15028099715709686,0.1513269990682602,0.1498119980096817,0.15094499289989471,2928669,0.0,0.0
2026-08-09 00:00:00+00:00,0.15094499289989471,0.1548449993133545,0.14851100742816925,0.1496880054473877,4535484,0.0,0.0
2026-08-10 00:00:00+00:00,0.1496720016002655,0.15416699647903442,0.1494549959897995,0.15079699456691742,4292391,0.0,0.0
2026-08-11 00:00:00+00:00,0.15079699456691742,0.1526159942150116,0.14719900488853455,0.14991100132465363,5987248,0.0,0.0
2026-08-12 00:00:00+00:00,0.14991100132465363,0.151186004281044,0.1475600004196167,0.14860899746418,4361106,0.0,0.0
2026-08-13 00:00:00+00:00,0.14859899878501892,0.15521200001239777,0.14810499548912048,0.15387700498104095,4803809,0.0,0.0
2026-08-14 00:00:00+00:00,0.15387700498104095,0.15492700040340424,0.1491830050945282,0.15240199863910675,5344179,0.0,0.0
2026-08-15 00:00:00+00:00,0.15240900218486786,0.16397899389266968,0.15057499706745148,0.16086000204086304,8273746,0.0,0.0
2026-08-16 00:00:00+00:00,0.16086000204086304,0.1673090010881424,0.1581059992313385,0.16267700493335724,12630309,0.0,0.0
2026-08-17 00:00:00+00:00,0.16267700493335724,0.17136700451374054,0.15996700525283813,0.16570700705051422,10353829,0.0,0.0
2026-08-18 00:00:00+00:00,0.16570700705051422,0.16627800464630127,0.15728099644184113,0.1576409935951233,7307065,0.0,0.0
2026-08-19 00:00:00+00:00,0.1576409935951233,0.16707399487495422,0.15681299567222595,0.16435499489307404,11075377,0.0,0.0
2026-08-20 00:00:00+00:00,0.16435499489307404,0.18370699882507324,0.16176100075244904,0.17976100742816925,12649038,0.0,0.0
2026-08-21 00:00:00+00:00,0.17976200580596924,0.20943599939346313,0.1771720051765442,0.206044003367424,17501158,0.0,0.0
2026-08-22 00:00:00+00:00,0.20603099465370178,0.208406001329422,0.19158700108528137,0.19304299354553223,16459669,0.0,0.0
2026-08-23 00:00:00+00:00,0.19304299354553223,0.20281699299812317,0.18592199683189392,0.20069000124931335,12246578,0.0,0.0
2026-08-24 00:00:00+00:00,0.20068992674350739,0.20726333558559418,0.191880464553833,0.20029999315738678,18452240,0.0,0.0
